-- MySQL dump 10.13  Distrib 5.7.23, for macos10.13 (x86_64)
--
-- Host: localhost    Database: dwh_tempory
-- ------------------------------------------------------
-- Server version	5.7.21

/*!40101 SET @OLD_CHARACTER_SET_CLIENT=@@CHARACTER_SET_CLIENT */;
/*!40101 SET @OLD_CHARACTER_SET_RESULTS=@@CHARACTER_SET_RESULTS */;
/*!40101 SET @OLD_COLLATION_CONNECTION=@@COLLATION_CONNECTION */;
/*!40101 SET NAMES utf8 */;
/*!40103 SET @OLD_TIME_ZONE=@@TIME_ZONE */;
/*!40103 SET TIME_ZONE='+00:00' */;
/*!40014 SET @OLD_UNIQUE_CHECKS=@@UNIQUE_CHECKS, UNIQUE_CHECKS=0 */;
/*!40014 SET @OLD_FOREIGN_KEY_CHECKS=@@FOREIGN_KEY_CHECKS, FOREIGN_KEY_CHECKS=0 */;
/*!40101 SET @OLD_SQL_MODE=@@SQL_MODE, SQL_MODE='NO_AUTO_VALUE_ON_ZERO' */;
/*!40111 SET @OLD_SQL_NOTES=@@SQL_NOTES, SQL_NOTES=0 */;

--
-- Table structure for table `Mesa`
--

DROP TABLE IF EXISTS `Mesa`;
/*!40101 SET @saved_cs_client     = @@character_set_client */;
/*!40101 SET character_set_client = utf8 */;
CREATE TABLE `Mesa` (
  `id` bigint(20) unsigned NOT NULL AUTO_INCREMENT,
  `numero` varchar(100) DEFAULT NULL,
  `capacidad` varchar(100) DEFAULT NULL,
  `error` tinyint(1) DEFAULT NULL,
  PRIMARY KEY (`id`),
  UNIQUE KEY `id` (`id`)
) ENGINE=InnoDB AUTO_INCREMENT=241 DEFAULT CHARSET=utf8;
/*!40101 SET character_set_client = @saved_cs_client */;

--
-- Dumping data for table `Mesa`
--

LOCK TABLES `Mesa` WRITE;
/*!40000 ALTER TABLE `Mesa` DISABLE KEYS */;
INSERT INTO `Mesa` VALUES (211,'1','10',NULL),(212,'2','8',NULL),(213,'3','5',NULL),(214,'4','10',NULL),(215,'5','5',NULL),(216,'6','5',NULL),(217,'7','5',NULL),(218,'8','8',NULL),(219,'9','8',NULL),(220,'10','8',NULL),(221,'11','10',NULL),(222,'12','5',NULL),(223,'13','2',NULL),(224,'14','2',NULL),(225,'15','2',NULL),(226,'16','2',NULL),(227,'17','2',NULL),(228,'18','8',NULL),(229,'19','2',NULL),(230,'20','10',NULL),(231,'21','8',NULL),(232,'22','10',NULL),(233,'23','2',NULL),(234,'24','2',NULL),(235,'25','2',NULL),(236,'26','5',NULL),(237,'27','5',NULL),(238,'28','5',NULL),(239,'29','8',NULL),(240,'30','8',NULL);
/*!40000 ALTER TABLE `Mesa` ENABLE KEYS */;
UNLOCK TABLES;

--
-- Table structure for table `Reservacion_mesa`
--

DROP TABLE IF EXISTS `Reservacion_mesa`;
/*!40101 SET @saved_cs_client     = @@character_set_client */;
/*!40101 SET character_set_client = utf8 */;
CREATE TABLE `Reservacion_mesa` (
  `id` bigint(20) unsigned NOT NULL AUTO_INCREMENT,
  `id_reservacion` varchar(100) DEFAULT NULL,
  `id_mesa` varchar(100) DEFAULT NULL,
  `estado` varchar(100) DEFAULT NULL,
  `error` tinyint(1) DEFAULT NULL,
  PRIMARY KEY (`id`),
  UNIQUE KEY `id` (`id`)
) ENGINE=InnoDB AUTO_INCREMENT=31 DEFAULT CHARSET=utf8;
/*!40101 SET character_set_client = @saved_cs_client */;

--
-- Dumping data for table `Reservacion_mesa`
--

LOCK TABLES `Reservacion_mesa` WRITE;
/*!40000 ALTER TABLE `Reservacion_mesa` DISABLE KEYS */;
INSERT INTO `Reservacion_mesa` VALUES (1,'1','1','1',NULL),(2,'3','2','1',NULL),(3,'4','4','1',NULL),(4,'5','6','1',NULL),(5,'6','7','1',NULL),(6,'7','8','1',NULL),(7,'8','9','1',NULL),(8,'9','10','1',NULL),(9,'10','12','1',NULL),(10,'11','14','1',NULL),(11,'12','15','1',NULL),(12,'13','16','1',NULL),(13,'14','1','1',NULL),(14,'15','2','1',NULL),(15,'18','3','1',NULL),(16,'16','4','1',NULL),(17,'17','5','1',NULL),(18,'19','6','1',NULL),(19,'21','7','1',NULL),(20,'22','8','1',NULL),(21,'23','10','1',NULL),(22,'24','13','1',NULL),(23,'25','14','1',NULL),(24,'26','15','1',NULL),(25,'27','18','1',NULL),(26,'28','20','1',NULL),(27,'29','10','1',NULL),(28,'30','13','1',NULL),(29,'31','14','1',NULL),(30,'32','17','1',NULL);
/*!40000 ALTER TABLE `Reservacion_mesa` ENABLE KEYS */;
UNLOCK TABLES;

--
-- Table structure for table `accidentes_laborales`
--

DROP TABLE IF EXISTS `accidentes_laborales`;
/*!40101 SET @saved_cs_client     = @@character_set_client */;
/*!40101 SET character_set_client = utf8 */;
CREATE TABLE `accidentes_laborales` (
  `id` bigint(20) unsigned NOT NULL AUTO_INCREMENT,
  `id_empleado` varchar(100) DEFAULT NULL,
  `f_accidente` varchar(100) DEFAULT NULL,
  `error` tinyint(1) DEFAULT NULL,
  PRIMARY KEY (`id`),
  UNIQUE KEY `id` (`id`)
) ENGINE=InnoDB AUTO_INCREMENT=16 DEFAULT CHARSET=utf8;
/*!40101 SET character_set_client = @saved_cs_client */;

--
-- Dumping data for table `accidentes_laborales`
--

LOCK TABLES `accidentes_laborales` WRITE;
/*!40000 ALTER TABLE `accidentes_laborales` DISABLE KEYS */;
INSERT INTO `accidentes_laborales` VALUES (1,'2','2019-03-27',1),(2,'3','2019-03-12',1),(3,'5','2019-01-01',1),(4,'5','2019-01-07',1),(5,'10','2018-12-03',1),(6,'20','2019-01-09',1),(7,'24','2018-04-10',1),(8,'31','2018-03-04',1),(9,'9','2018-05-21',1),(10,'38','2018-09-01',1),(11,'27','2017-10-01',1),(12,'42','2017-12-04',1),(13,'11','2017-11-21',1),(14,'19','2019-03-01',1),(15,'28','2018-10-12',1);
/*!40000 ALTER TABLE `accidentes_laborales` ENABLE KEYS */;
UNLOCK TABLES;

--
-- Table structure for table `aplicaciones_a_vacante`
--

DROP TABLE IF EXISTS `aplicaciones_a_vacante`;
/*!40101 SET @saved_cs_client     = @@character_set_client */;
/*!40101 SET character_set_client = utf8 */;
CREATE TABLE `aplicaciones_a_vacante` (
  `id` bigint(20) unsigned NOT NULL AUTO_INCREMENT,
  `id_postulante` varchar(100) DEFAULT NULL,
  `id_vacante` varchar(100) DEFAULT NULL,
  `f_aplicacion` varchar(100) DEFAULT NULL,
  `id_empleado` varchar(100) DEFAULT NULL,
  `error` tinyint(1) DEFAULT NULL,
  PRIMARY KEY (`id`),
  UNIQUE KEY `id` (`id`)
) ENGINE=InnoDB AUTO_INCREMENT=7 DEFAULT CHARSET=utf8;
/*!40101 SET character_set_client = @saved_cs_client */;

--
-- Dumping data for table `aplicaciones_a_vacante`
--

LOCK TABLES `aplicaciones_a_vacante` WRITE;
/*!40000 ALTER TABLE `aplicaciones_a_vacante` DISABLE KEYS */;
INSERT INTO `aplicaciones_a_vacante` VALUES (1,'1','3','2018-01-13',NULL,1),(2,'1','2','2019-04-01',NULL,1),(3,'2','1','2019-01-13',NULL,1),(4,'3','4','2019-02-21',NULL,1),(5,'4','8','0209-02-17',NULL,1),(6,'5','6','2019-03-11',NULL,1);
/*!40000 ALTER TABLE `aplicaciones_a_vacante` ENABLE KEYS */;
UNLOCK TABLES;

--
-- Table structure for table `ar_internal_metadata`
--

DROP TABLE IF EXISTS `ar_internal_metadata`;
/*!40101 SET @saved_cs_client     = @@character_set_client */;
/*!40101 SET character_set_client = utf8 */;
CREATE TABLE `ar_internal_metadata` (
  `key` varchar(255) NOT NULL,
  `value` varchar(255) DEFAULT NULL,
  `created_at` datetime NOT NULL,
  `updated_at` datetime NOT NULL,
  PRIMARY KEY (`key`)
) ENGINE=InnoDB DEFAULT CHARSET=utf8;
/*!40101 SET character_set_client = @saved_cs_client */;

--
-- Dumping data for table `ar_internal_metadata`
--

LOCK TABLES `ar_internal_metadata` WRITE;
/*!40000 ALTER TABLE `ar_internal_metadata` DISABLE KEYS */;
INSERT INTO `ar_internal_metadata` VALUES ('environment','development','2019-04-24 18:24:07','2019-04-24 18:24:07');
/*!40000 ALTER TABLE `ar_internal_metadata` ENABLE KEYS */;
UNLOCK TABLES;

--
-- Table structure for table `areas`
--

DROP TABLE IF EXISTS `areas`;
/*!40101 SET @saved_cs_client     = @@character_set_client */;
/*!40101 SET character_set_client = utf8 */;
CREATE TABLE `areas` (
  `id` bigint(20) unsigned NOT NULL AUTO_INCREMENT,
  `nombre` varchar(100) DEFAULT NULL,
  `clave` varchar(100) DEFAULT NULL,
  `error` tinyint(1) DEFAULT NULL,
  PRIMARY KEY (`id`),
  UNIQUE KEY `id` (`id`)
) ENGINE=InnoDB AUTO_INCREMENT=9 DEFAULT CHARSET=utf8;
/*!40101 SET character_set_client = @saved_cs_client */;

--
-- Dumping data for table `areas`
--

LOCK TABLES `areas` WRITE;
/*!40000 ALTER TABLE `areas` DISABLE KEYS */;
INSERT INTO `areas` VALUES (1,'Recursos Humanos','RRHH',NULL),(2,'Restaurante','RSTR',NULL),(3,'Recepción ','RCN',1),(4,'Finanzas','FNZ',NULL),(5,'Spa','SP',NULL),(6,'Mantenimiento','MNTNM',NULL),(7,'General','GN',NULL),(8,'Lavandería','LVDR',1);
/*!40000 ALTER TABLE `areas` ENABLE KEYS */;
UNLOCK TABLES;

--
-- Table structure for table `areas_de_empleado`
--

DROP TABLE IF EXISTS `areas_de_empleado`;
/*!40101 SET @saved_cs_client     = @@character_set_client */;
/*!40101 SET character_set_client = utf8 */;
CREATE TABLE `areas_de_empleado` (
  `id` bigint(20) unsigned NOT NULL AUTO_INCREMENT,
  `id_area` varchar(100) DEFAULT NULL,
  `id_empleado` varchar(100) DEFAULT NULL,
  `f_asignacion` varchar(100) DEFAULT NULL,
  `error` tinyint(1) DEFAULT NULL,
  PRIMARY KEY (`id`),
  UNIQUE KEY `id` (`id`)
) ENGINE=InnoDB AUTO_INCREMENT=573 DEFAULT CHARSET=utf8;
/*!40101 SET character_set_client = @saved_cs_client */;

--
-- Dumping data for table `areas_de_empleado`
--

LOCK TABLES `areas_de_empleado` WRITE;
/*!40000 ALTER TABLE `areas_de_empleado` DISABLE KEYS */;
INSERT INTO `areas_de_empleado` VALUES (521,'2','1','2009-03-31 19:16:43.5795',1),(522,'2','2','2009-03-31 19:16:43.5796',1),(523,'2','3','2009-03-31 19:16:43.5797',1),(524,'2','4','2009-03-31 19:16:43.5798',1),(525,'2','5','2009-03-31 19:16:43.5799',1),(526,'2','6','2009-03-31 19:16:43.58',1),(527,'2','7','2009-03-31 19:16:43.5801',1),(528,'2','8','2009-03-31 19:16:43.5802',1),(529,'2','9','2009-03-31 19:16:43.5803',1),(530,'2','10','2009-03-31 19:16:43.5804',1),(531,'2','11','2009-03-31 19:16:43.5805',1),(532,'2','11','2009-03-31 19:16:43.5806',1),(533,'2','12','2009-03-31 19:16:43.5807',1),(534,'2','13','2009-03-31 19:16:43.5808',1),(535,'2','14','2009-03-31 19:16:43.5809',1),(536,'2','15','2009-03-31 19:16:43.581',1),(537,'2','16','2009-03-31 19:16:43.5811',1),(538,'2','17','2009-03-31 19:16:43.5812',1),(539,'2','18','2009-03-31 19:16:43.5813',1),(540,'2','19','2009-03-31 19:16:43.5814',1),(541,'2','20','2009-03-31 19:16:43.5815',1),(542,NULL,'1','2009-03-31 19:16:43.5816',1),(543,'1','1','2015-02-28 19:16:43.5804',1),(544,'7','21','2011-01-21 19:16:43.5803',1),(545,'6','27','2012-11-12 19:16:43.5804',1),(546,'4','31','2012-08-23 19:16:43.5805',1),(547,'2','31',NULL,1),(548,'2','38','2004-02-28 19:16:43.5807',1),(549,'1','47','2004-02-28 19:16:43.5808',1),(550,'3','27','2004-02-28 19:16:43.5809',1),(551,'5','27','2004-02-28 19:16:43.581',1),(552,'3','24','2004-02-28 19:16:43.5811',1),(553,'3','25','2004-02-28 19:16:43.5812',1),(554,'3','26','2004-02-28 19:16:43.5813',1),(555,'3','28','2004-02-28 19:16:43.5814',1),(556,'3','29','2004-02-28 19:16:43.5815',1),(557,'6','30','2004-02-28 19:16:43.5816',1),(558,'6','32','2004-02-28 19:16:43.5817',1),(559,'6','32','2004-02-28 19:16:43.5818',1),(560,'6','34','2004-02-28 19:16:43.5819',1),(561,'6','35','2009-03-24 22:16:43.5819',1),(562,'6','36','2009-03-24 22:16:43.582',1),(563,'6','37','2009-03-24 22:16:43.5821',1),(564,'6','39','2009-03-24 22:16:43.5822',1),(565,'6','40','2009-03-24 22:16:43.5823',1),(566,'6','41','2009-03-24 22:16:43.5824',1),(567,'6','42','2009-03-24 22:16:43.5825',1),(568,'6','43','2009-03-24 22:16:43.5826',1),(569,'6','44','2009-03-24 22:16:43.5827',1),(570,'6','45','2009-03-24 22:16:43.5828',1),(571,NULL,'46',NULL,1),(572,'2','47','2007-07-17 22:16:43.5829',1);
/*!40000 ALTER TABLE `areas_de_empleado` ENABLE KEYS */;
UNLOCK TABLES;

--
-- Table structure for table `asignacion_materiales`
--

DROP TABLE IF EXISTS `asignacion_materiales`;
/*!40101 SET @saved_cs_client     = @@character_set_client */;
/*!40101 SET character_set_client = utf8 */;
CREATE TABLE `asignacion_materiales` (
  `id` bigint(20) unsigned NOT NULL AUTO_INCREMENT,
  `cantidad` varchar(100) DEFAULT NULL,
  `id_habitacion` varchar(100) DEFAULT NULL,
  `id_material` varchar(100) DEFAULT NULL,
  `error` tinyint(1) DEFAULT NULL,
  PRIMARY KEY (`id`),
  UNIQUE KEY `id` (`id`)
) ENGINE=InnoDB AUTO_INCREMENT=55 DEFAULT CHARSET=utf8;
/*!40101 SET character_set_client = @saved_cs_client */;

--
-- Dumping data for table `asignacion_materiales`
--

LOCK TABLES `asignacion_materiales` WRITE;
/*!40000 ALTER TABLE `asignacion_materiales` DISABLE KEYS */;
INSERT INTO `asignacion_materiales` VALUES (1,'1','1','28',NULL),(2,'1','1','29',NULL),(3,'1','1','30',NULL),(4,'1','1','31',NULL),(5,'1','1','21',NULL),(6,'1','2','19',NULL),(7,'2','2','21',NULL),(8,'1','2','22',NULL),(9,'1','2','24',NULL),(10,'1','2','26',NULL),(11,'1','3','19',NULL),(12,'2','3','21',NULL),(13,'1','3','22',NULL),(14,'1','3','24',NULL),(15,'1','3','26',NULL),(16,'3','4','21',NULL),(17,'1','4','22',NULL),(18,'1','4','24',NULL),(19,'1','4','26',NULL),(20,'1','4','28',NULL),(21,'1','4','29',NULL),(22,'1','4','30',NULL),(23,'1','4','31',NULL),(24,'3','5','21',NULL),(25,'1','5','22',NULL),(26,'1','5','24',NULL),(27,'1','5','26',NULL),(28,'1','5','28',NULL),(29,'1','5','29',NULL),(30,'1','5','30',NULL),(31,'1','5','31',NULL),(32,'4','6','21',NULL),(33,'1','6','20',NULL),(34,'1','6','23',NULL),(35,'1','6','25',NULL),(36,'1','6','27',NULL),(37,'6','7','21',NULL),(38,'1','7','19',NULL),(39,'1','7','22',NULL),(40,'1','7','24',NULL),(41,'1','7','26',NULL),(42,'1','7','20',NULL),(43,'1','7','23',NULL),(44,'1','7','25',NULL),(45,'1','7','27',NULL),(46,'4','8','21',NULL),(47,'1','8','20',NULL),(48,'1','8','23',NULL),(49,'1','8','25',NULL),(50,'1','9','28',NULL),(51,'1','9','29',NULL),(52,'1','9','30',NULL),(53,'1','9','31',NULL),(54,'1','9','21',NULL);
/*!40000 ALTER TABLE `asignacion_materiales` ENABLE KEYS */;
UNLOCK TABLES;

--
-- Table structure for table `asistencias`
--

DROP TABLE IF EXISTS `asistencias`;
/*!40101 SET @saved_cs_client     = @@character_set_client */;
/*!40101 SET character_set_client = utf8 */;
CREATE TABLE `asistencias` (
  `id` bigint(20) unsigned NOT NULL AUTO_INCREMENT,
  `id_empleado` varchar(100) DEFAULT NULL,
  `fecha` varchar(100) DEFAULT NULL,
  `hora_entrada` varchar(100) DEFAULT NULL,
  `hora_salida` varchar(100) DEFAULT NULL,
  `error` tinyint(1) DEFAULT NULL,
  PRIMARY KEY (`id`),
  UNIQUE KEY `id` (`id`)
) ENGINE=InnoDB AUTO_INCREMENT=377 DEFAULT CHARSET=utf8;
/*!40101 SET character_set_client = @saved_cs_client */;

--
-- Dumping data for table `asistencias`
--

LOCK TABLES `asistencias` WRITE;
/*!40000 ALTER TABLE `asistencias` DISABLE KEYS */;
INSERT INTO `asistencias` VALUES (1,'1','2019-03-31','2000-01-01 06:50:00 UTC','2000-01-01 15:00:00 UTC',1),(2,'2','2019-03-31','2000-01-01 14:02:00 UTC','2000-01-01 22:00:00 UTC',1),(3,'3','2019-03-31','2000-01-01 07:03:00 UTC','2000-01-01 15:10:00 UTC',1),(4,'4','2019-03-31','2000-01-01 06:46:00 UTC','2000-01-01 15:13:00 UTC',1),(5,'5','2019-03-31','2000-01-01 07:09:00 UTC','2000-01-01 15:01:00 UTC',1),(6,'6','2019-03-31','2000-01-01 13:58:00 UTC','2000-01-01 21:56:00 UTC',1),(7,'7','2019-03-31','2000-01-01 14:13:00 UTC','2000-01-01 22:09:00 UTC',1),(8,'8','2019-03-31','2000-01-01 18:56:00 UTC','2000-01-01 01:57:00 UTC',1),(9,'9','2019-03-31','2000-01-01 07:00:00 UTC','2000-01-01 15:02:00 UTC',1),(10,'10','2019-03-31','2000-01-01 19:01:00 UTC','2000-01-01 02:04:00 UTC',1),(11,'11','2019-03-31','2000-01-01 13:56:00 UTC','2000-01-01 22:12:00 UTC',1),(12,'12','2019-03-31','2000-01-01 14:12:00 UTC','2000-01-01 22:20:00 UTC',1),(13,'13','2019-03-31','2000-01-01 07:02:00 UTC','2000-01-01 15:03:00 UTC',1),(14,'14','2019-03-31','2000-01-01 14:00:00 UTC','2000-01-01 22:00:00 UTC',1),(15,'15','2019-03-31','2000-01-01 19:01:00 UTC','2000-01-01 02:03:00 UTC',1),(16,'16','2019-03-31','2000-01-01 14:12:00 UTC','2000-01-01 22:02:00 UTC',1),(17,'17','2019-03-31','2000-01-01 14:10:00 UTC','2000-01-01 22:13:00 UTC',1),(18,'18','2019-03-31','2000-01-01 07:12:00 UTC','2000-01-01 15:12:00 UTC',1),(19,'19','2019-03-31','2000-01-01 14:02:00 UTC','2000-01-01 22:12:00 UTC',1),(20,'20','2019-03-31','2000-01-01 14:10:00 UTC','2000-01-01 22:03:00 UTC',1),(21,'21','2019-03-31','2000-01-01 06:50:00 UTC','2000-01-01 15:00:00 UTC',1),(22,'22','2019-03-31','2000-01-01 14:02:00 UTC','2000-01-01 22:00:00 UTC',1),(23,'23','2019-03-31','2000-01-01 07:03:00 UTC','2000-01-01 15:10:00 UTC',1),(24,'24','2019-03-31','2000-01-01 06:46:00 UTC','2000-01-01 15:13:00 UTC',1),(25,'25','2019-03-31','2000-01-01 07:09:00 UTC','2000-01-01 15:01:00 UTC',1),(26,'26','2019-03-31','2000-01-01 13:58:00 UTC','2000-01-01 21:56:00 UTC',1),(27,'27','2019-03-31','2000-01-01 14:13:00 UTC','2000-01-01 22:09:00 UTC',1),(28,'28','2019-03-31','2000-01-01 18:56:00 UTC','2000-01-01 01:57:00 UTC',1),(29,'29','2019-03-31','2000-01-01 07:00:00 UTC','2000-01-01 15:02:00 UTC',1),(30,'30','2019-03-31','2000-01-01 19:01:00 UTC','2000-01-01 02:04:00 UTC',1),(31,'31','2019-03-31','2000-01-01 13:56:00 UTC','2000-01-01 22:12:00 UTC',1),(32,'32','2019-03-31','2000-01-01 14:12:00 UTC','2000-01-01 22:20:00 UTC',1),(33,'33','2019-03-31','2000-01-01 07:02:00 UTC','2000-01-01 15:03:00 UTC',1),(34,'34','2019-03-31','2000-01-01 14:00:00 UTC','2000-01-01 22:00:00 UTC',1),(35,'35','2019-03-31','2000-01-01 19:01:00 UTC','2000-01-01 02:03:00 UTC',1),(36,'36','2019-03-31','2000-01-01 14:12:00 UTC','2000-01-01 22:02:00 UTC',1),(37,'37','2019-03-31','2000-01-01 14:10:00 UTC','2000-01-01 22:13:00 UTC',1),(38,'38','2019-03-31','2000-01-01 07:12:00 UTC','2000-01-01 15:12:00 UTC',1),(39,'39','2019-03-31','2000-01-01 14:02:00 UTC','2000-01-01 22:12:00 UTC',1),(40,'40','2019-03-31','2000-01-01 14:10:00 UTC','2000-01-01 22:03:00 UTC',1),(41,'41','2019-03-31','2000-01-01 06:50:00 UTC','2000-01-01 15:00:00 UTC',1),(42,'42','2019-03-31','2000-01-01 14:02:00 UTC','2000-01-01 22:00:00 UTC',1),(43,'43','2019-03-31','2000-01-01 07:03:00 UTC','2000-01-01 15:10:00 UTC',1),(44,'44','2019-03-31','2000-01-01 06:46:00 UTC','2000-01-01 15:13:00 UTC',1),(45,'45','2019-03-31','2000-01-01 07:09:00 UTC','2000-01-01 15:01:00 UTC',1),(46,'46','2019-03-31','2000-01-01 13:58:00 UTC','2000-01-01 21:56:00 UTC',1),(47,'47','2019-03-31','2000-01-01 14:13:00 UTC','2000-01-01 22:09:00 UTC',1),(48,'1','2019-04-01','2000-01-01 06:50:00 UTC','2000-01-01 15:00:00 UTC',1),(49,'2','2019-04-01','2000-01-01 14:02:00 UTC','2000-01-01 22:00:00 UTC',1),(50,'3','2019-04-01','2000-01-01 07:03:00 UTC','2000-01-01 15:10:00 UTC',1),(51,'4','2019-04-01','2000-01-01 06:46:00 UTC','2000-01-01 15:13:00 UTC',1),(52,'5','2019-04-01','2000-01-01 07:09:00 UTC','2000-01-01 15:01:00 UTC',1),(53,'6','2019-04-01','2000-01-01 13:58:00 UTC','2000-01-01 21:56:00 UTC',1),(54,'7','2019-04-01','2000-01-01 14:13:00 UTC','2000-01-01 22:09:00 UTC',1),(55,'8','2019-04-01','2000-01-01 18:56:00 UTC','2000-01-01 01:57:00 UTC',1),(56,'9','2019-04-01','2000-01-01 07:00:00 UTC','2000-01-01 15:02:00 UTC',1),(57,'10','2019-04-01','2000-01-01 19:01:00 UTC','2000-01-01 02:04:00 UTC',1),(58,'11','2019-04-01','2000-01-01 13:56:00 UTC','2000-01-01 22:12:00 UTC',1),(59,'12','2019-04-01','2000-01-01 14:12:00 UTC','2000-01-01 22:20:00 UTC',1),(60,'13','2019-04-01','2000-01-01 07:02:00 UTC','2000-01-01 15:03:00 UTC',1),(61,'14','2019-04-01','2000-01-01 14:00:00 UTC','2000-01-01 22:00:00 UTC',1),(62,'15','2019-04-01','2000-01-01 19:01:00 UTC','2000-01-01 02:03:00 UTC',1),(63,'16','2019-04-01','2000-01-01 14:12:00 UTC','2000-01-01 22:02:00 UTC',1),(64,'17','2019-04-01','2000-01-01 14:10:00 UTC','2000-01-01 22:13:00 UTC',1),(65,'18','2019-04-01','2000-01-01 07:12:00 UTC','2000-01-01 15:12:00 UTC',1),(66,'19','2019-04-01','2000-01-01 14:02:00 UTC','2000-01-01 22:12:00 UTC',1),(67,'20','2019-04-01','2000-01-01 14:10:00 UTC','2000-01-01 22:03:00 UTC',1),(68,'21','2019-04-01','2000-01-01 06:50:00 UTC','2000-01-01 15:00:00 UTC',1),(69,'22','2019-04-01','2000-01-01 14:02:00 UTC','2000-01-01 22:00:00 UTC',1),(70,'23','2019-04-01','2000-01-01 07:03:00 UTC','2000-01-01 15:10:00 UTC',1),(71,'24','2019-04-01','2000-01-01 06:46:00 UTC','2000-01-01 15:13:00 UTC',1),(72,'25','2019-04-01','2000-01-01 07:09:00 UTC','2000-01-01 15:01:00 UTC',1),(73,'26','2019-04-01','2000-01-01 13:58:00 UTC','2000-01-01 21:56:00 UTC',1),(74,'27','2019-04-01','2000-01-01 14:13:00 UTC','2000-01-01 22:09:00 UTC',1),(75,'28','2019-04-01','2000-01-01 18:56:00 UTC','2000-01-01 01:57:00 UTC',1),(76,'29','2019-04-01','2000-01-01 07:00:00 UTC','2000-01-01 15:02:00 UTC',1),(77,'30','2019-04-01','2000-01-01 19:01:00 UTC','2000-01-01 02:04:00 UTC',1),(78,'31','2019-04-01','2000-01-01 13:56:00 UTC','2000-01-01 22:12:00 UTC',1),(79,'32','2019-04-01','2000-01-01 14:12:00 UTC','2000-01-01 22:20:00 UTC',1),(80,'33','2019-04-01','2000-01-01 07:02:00 UTC','2000-01-01 15:03:00 UTC',1),(81,'34','2019-04-01','2000-01-01 14:00:00 UTC','2000-01-01 22:00:00 UTC',1),(82,'35','2019-04-01','2000-01-01 19:01:00 UTC','2000-01-01 02:03:00 UTC',1),(83,'36','2019-04-01','2000-01-01 14:12:00 UTC','2000-01-01 22:02:00 UTC',1),(84,'37','2019-04-01','2000-01-01 14:10:00 UTC','2000-01-01 22:13:00 UTC',1),(85,'38','2019-04-01','2000-01-01 07:12:00 UTC','2000-01-01 15:12:00 UTC',1),(86,'39','2019-04-01','2000-01-01 14:02:00 UTC','2000-01-01 22:12:00 UTC',1),(87,'40','2019-04-01','2000-01-01 14:10:00 UTC','2000-01-01 22:03:00 UTC',1),(88,'41','2019-04-01','2000-01-01 06:50:00 UTC','2000-01-01 15:00:00 UTC',1),(89,'42','2019-04-01','2000-01-01 14:02:00 UTC','2000-01-01 22:00:00 UTC',1),(90,'43','2019-04-01','2000-01-01 07:03:00 UTC','2000-01-01 15:10:00 UTC',1),(91,'44','2019-04-01','2000-01-01 06:46:00 UTC','2000-01-01 15:13:00 UTC',1),(92,'45','2019-04-01','2000-01-01 07:09:00 UTC','2000-01-01 15:01:00 UTC',1),(93,'46','2019-04-01','2000-01-01 13:58:00 UTC','2000-01-01 21:56:00 UTC',1),(94,'47','2019-04-01','2000-01-01 14:13:00 UTC','2000-01-01 22:09:00 UTC',1),(95,'1','2019-04-02','2000-01-01 06:50:00 UTC','2000-01-01 15:00:00 UTC',1),(96,'2','2019-04-02','2000-01-01 14:02:00 UTC','2000-01-01 22:00:00 UTC',1),(97,'3','2019-04-02','2000-01-01 07:03:00 UTC','2000-01-01 15:10:00 UTC',1),(98,'4','2019-04-02','2000-01-01 06:46:00 UTC','2000-01-01 15:13:00 UTC',1),(99,'5','2019-04-02','2000-01-01 07:09:00 UTC','2000-01-01 15:01:00 UTC',1),(100,'6','2019-04-02','2000-01-01 13:58:00 UTC','2000-01-01 21:56:00 UTC',1),(101,'7','2019-04-02','2000-01-01 14:13:00 UTC','2000-01-01 22:09:00 UTC',1),(102,'8','2019-04-02','2000-01-01 18:56:00 UTC','2000-01-01 01:57:00 UTC',1),(103,'9','2019-04-02','2000-01-01 07:00:00 UTC','2000-01-01 15:02:00 UTC',1),(104,'10','2019-04-02','2000-01-01 19:01:00 UTC','2000-01-01 02:04:00 UTC',1),(105,'11','2019-04-02','2000-01-01 13:56:00 UTC','2000-01-01 22:12:00 UTC',1),(106,'12','2019-04-02','2000-01-01 14:12:00 UTC','2000-01-01 22:20:00 UTC',1),(107,'13','2019-04-02','2000-01-01 07:02:00 UTC','2000-01-01 15:03:00 UTC',1),(108,'14','2019-04-02','2000-01-01 14:00:00 UTC','2000-01-01 22:00:00 UTC',1),(109,'15','2019-04-02','2000-01-01 19:01:00 UTC','2000-01-01 02:03:00 UTC',1),(110,'16','2019-04-02','2000-01-01 14:12:00 UTC','2000-01-01 22:02:00 UTC',1),(111,'17','2019-04-02','2000-01-01 14:10:00 UTC','2000-01-01 22:13:00 UTC',1),(112,'18','2019-04-02','2000-01-01 07:12:00 UTC','2000-01-01 15:12:00 UTC',1),(113,'19','2019-04-02','2000-01-01 14:02:00 UTC','2000-01-01 22:12:00 UTC',1),(114,'20','2019-04-02','2000-01-01 14:10:00 UTC','2000-01-01 22:03:00 UTC',1),(115,'21','2019-04-02','2000-01-01 06:50:00 UTC','2000-01-01 15:00:00 UTC',1),(116,'22','2019-04-02','2000-01-01 14:02:00 UTC','2000-01-01 22:00:00 UTC',1),(117,'23','2019-04-02','2000-01-01 07:03:00 UTC','2000-01-01 15:10:00 UTC',1),(118,'24','2019-04-02','2000-01-01 06:46:00 UTC','2000-01-01 15:13:00 UTC',1),(119,'25','2019-04-02','2000-01-01 07:09:00 UTC','2000-01-01 15:01:00 UTC',1),(120,'26','2019-04-02','2000-01-01 13:58:00 UTC','2000-01-01 21:56:00 UTC',1),(121,'27','2019-04-02','2000-01-01 14:13:00 UTC','2000-01-01 22:09:00 UTC',1),(122,'28','2019-04-02','2000-01-01 18:56:00 UTC','2000-01-01 01:57:00 UTC',1),(123,'29','2019-04-02','2000-01-01 07:00:00 UTC','2000-01-01 15:02:00 UTC',1),(124,'30','2019-04-02','2000-01-01 19:01:00 UTC','2000-01-01 02:04:00 UTC',1),(125,'31','2019-04-02','2000-01-01 13:56:00 UTC','2000-01-01 22:12:00 UTC',1),(126,'32','2019-04-02','2000-01-01 14:12:00 UTC','2000-01-01 22:20:00 UTC',1),(127,'33','2019-04-02','2000-01-01 07:02:00 UTC','2000-01-01 15:03:00 UTC',1),(128,'34','2019-04-02','2000-01-01 14:00:00 UTC','2000-01-01 22:00:00 UTC',1),(129,'35','2019-04-02','2000-01-01 19:01:00 UTC','2000-01-01 02:03:00 UTC',1),(130,'36','2019-04-02','2000-01-01 14:12:00 UTC','2000-01-01 22:02:00 UTC',1),(131,'37','2019-04-02','2000-01-01 14:10:00 UTC','2000-01-01 22:13:00 UTC',1),(132,'38','2019-04-02','2000-01-01 07:12:00 UTC','2000-01-01 15:12:00 UTC',1),(133,'39','2019-04-02','2000-01-01 14:02:00 UTC','2000-01-01 22:12:00 UTC',1),(134,'40','2019-04-02','2000-01-01 14:10:00 UTC','2000-01-01 22:03:00 UTC',1),(135,'41','2019-04-02','2000-01-01 06:50:00 UTC','2000-01-01 15:00:00 UTC',1),(136,'42','2019-04-02','2000-01-01 14:02:00 UTC','2000-01-01 22:00:00 UTC',1),(137,'43','2019-04-02','2000-01-01 07:03:00 UTC','2000-01-01 15:10:00 UTC',1),(138,'44','2019-04-02','2000-01-01 06:46:00 UTC','2000-01-01 15:13:00 UTC',1),(139,'45','2019-04-02','2000-01-01 07:09:00 UTC','2000-01-01 15:01:00 UTC',1),(140,'46','2019-04-02','2000-01-01 13:58:00 UTC','2000-01-01 21:56:00 UTC',1),(141,'47','2019-04-02','2000-01-01 14:13:00 UTC','2000-01-01 22:09:00 UTC',1),(142,'1','2019-04-02','2000-01-01 06:50:00 UTC','2000-01-01 15:00:00 UTC',1),(143,'2','2019-04-02','2000-01-01 14:02:00 UTC','2000-01-01 22:00:00 UTC',1),(144,'3','2019-04-02','2000-01-01 07:03:00 UTC','2000-01-01 15:10:00 UTC',1),(145,'4','2019-04-02','2000-01-01 06:46:00 UTC','2000-01-01 15:13:00 UTC',1),(146,'5','2019-04-02','2000-01-01 07:09:00 UTC','2000-01-01 15:01:00 UTC',1),(147,'6','2019-04-02','2000-01-01 13:58:00 UTC','2000-01-01 21:56:00 UTC',1),(148,'7','2019-04-02','2000-01-01 14:13:00 UTC','2000-01-01 22:09:00 UTC',1),(149,'8','2019-04-02','2000-01-01 18:56:00 UTC','2000-01-01 01:57:00 UTC',1),(150,'9','2019-04-02','2000-01-01 07:00:00 UTC','2000-01-01 15:02:00 UTC',1),(151,'10','2019-04-02','2000-01-01 19:01:00 UTC','2000-01-01 02:04:00 UTC',1),(152,'11','2019-04-02','2000-01-01 13:56:00 UTC','2000-01-01 22:12:00 UTC',1),(153,'12','2019-04-02','2000-01-01 14:12:00 UTC','2000-01-01 22:20:00 UTC',1),(154,'13','2019-04-02','2000-01-01 07:02:00 UTC','2000-01-01 15:03:00 UTC',1),(155,'14','2019-04-02','2000-01-01 14:00:00 UTC','2000-01-01 22:00:00 UTC',1),(156,'15','2019-04-02','2000-01-01 19:01:00 UTC','2000-01-01 02:03:00 UTC',1),(157,'16','2019-04-02','2000-01-01 14:12:00 UTC','2000-01-01 22:02:00 UTC',1),(158,'17','2019-04-02','2000-01-01 14:10:00 UTC','2000-01-01 22:13:00 UTC',1),(159,'18','2019-04-02','2000-01-01 07:12:00 UTC','2000-01-01 15:12:00 UTC',1),(160,'19','2019-04-02','2000-01-01 14:02:00 UTC','2000-01-01 22:12:00 UTC',1),(161,'20','2019-04-02','2000-01-01 14:10:00 UTC','2000-01-01 22:03:00 UTC',1),(162,'21','2019-04-02','2000-01-01 06:50:00 UTC','2000-01-01 15:00:00 UTC',1),(163,'22','2019-04-02','2000-01-01 14:02:00 UTC','2000-01-01 22:00:00 UTC',1),(164,'23','2019-04-02','2000-01-01 07:03:00 UTC','2000-01-01 15:10:00 UTC',1),(165,'24','2019-04-02','2000-01-01 06:46:00 UTC','2000-01-01 15:13:00 UTC',1),(166,'25','2019-04-02','2000-01-01 07:09:00 UTC','2000-01-01 15:01:00 UTC',1),(167,'26','2019-04-02','2000-01-01 13:58:00 UTC','2000-01-01 21:56:00 UTC',1),(168,'27','2019-04-02','2000-01-01 14:13:00 UTC','2000-01-01 22:09:00 UTC',1),(169,'28','2019-04-02','2000-01-01 18:56:00 UTC','2000-01-01 01:57:00 UTC',1),(170,'29','2019-04-02','2000-01-01 07:00:00 UTC','2000-01-01 15:02:00 UTC',1),(171,'30','2019-04-02','2000-01-01 19:01:00 UTC','2000-01-01 02:04:00 UTC',1),(172,'31','2019-04-02','2000-01-01 13:56:00 UTC','2000-01-01 22:12:00 UTC',1),(173,'32','2019-04-02','2000-01-01 14:12:00 UTC','2000-01-01 22:20:00 UTC',1),(174,'33','2019-04-02','2000-01-01 07:02:00 UTC','2000-01-01 15:03:00 UTC',1),(175,'34','2019-04-02','2000-01-01 14:00:00 UTC','2000-01-01 22:00:00 UTC',1),(176,'35','2019-04-02','2000-01-01 19:01:00 UTC','2000-01-01 02:03:00 UTC',1),(177,'36','2019-04-02','2000-01-01 14:12:00 UTC','2000-01-01 22:02:00 UTC',1),(178,'37','2019-04-02','2000-01-01 14:10:00 UTC','2000-01-01 22:13:00 UTC',1),(179,'38','2019-04-02','2000-01-01 07:12:00 UTC','2000-01-01 15:12:00 UTC',1),(180,'39','2019-04-02','2000-01-01 14:02:00 UTC','2000-01-01 22:12:00 UTC',1),(181,'40','2019-04-02','2000-01-01 14:10:00 UTC','2000-01-01 22:03:00 UTC',1),(182,'41','2019-04-02','2000-01-01 06:50:00 UTC','2000-01-01 15:00:00 UTC',1),(183,'42','2019-04-02','2000-01-01 14:02:00 UTC','2000-01-01 22:00:00 UTC',1),(184,'43','2019-04-02','2000-01-01 07:03:00 UTC','2000-01-01 15:10:00 UTC',1),(185,'44','2019-04-02','2000-01-01 06:46:00 UTC','2000-01-01 15:13:00 UTC',1),(186,'45','2019-04-02','2000-01-01 07:09:00 UTC','2000-01-01 15:01:00 UTC',1),(187,'46','2019-04-02','2000-01-01 13:58:00 UTC','2000-01-01 21:56:00 UTC',1),(188,'47','2019-04-02','2000-01-01 14:13:00 UTC','2000-01-01 22:09:00 UTC',1),(189,'1','2019-04-03','2000-01-01 06:50:00 UTC','2000-01-01 15:00:00 UTC',1),(190,'2','2019-04-03','2000-01-01 14:02:00 UTC','2000-01-01 22:00:00 UTC',1),(191,'3','2019-04-03','2000-01-01 07:03:00 UTC','2000-01-01 15:10:00 UTC',1),(192,'4','2019-04-03','2000-01-01 06:46:00 UTC','2000-01-01 15:13:00 UTC',1),(193,'5','2019-04-03','2000-01-01 07:09:00 UTC','2000-01-01 15:01:00 UTC',1),(194,'6','2019-04-03','2000-01-01 13:58:00 UTC','2000-01-01 21:56:00 UTC',1),(195,'7','2019-04-03','2000-01-01 14:13:00 UTC','2000-01-01 22:09:00 UTC',1),(196,'8','2019-04-03','2000-01-01 18:56:00 UTC','2000-01-01 01:57:00 UTC',1),(197,'9','2019-04-03','2000-01-01 07:00:00 UTC','2000-01-01 15:02:00 UTC',1),(198,'10','2019-04-03','2000-01-01 19:01:00 UTC','2000-01-01 02:04:00 UTC',1),(199,'11','2019-04-03','2000-01-01 13:56:00 UTC','2000-01-01 22:12:00 UTC',1),(200,'12','2019-04-03','2000-01-01 14:12:00 UTC','2000-01-01 22:20:00 UTC',1),(201,'13','2019-04-03','2000-01-01 07:02:00 UTC','2000-01-01 15:03:00 UTC',1),(202,'14','2019-04-03','2000-01-01 14:00:00 UTC','2000-01-01 22:00:00 UTC',1),(203,'15','2019-04-03','2000-01-01 19:01:00 UTC','2000-01-01 02:03:00 UTC',1),(204,'16','2019-04-03','2000-01-01 14:12:00 UTC','2000-01-01 22:02:00 UTC',1),(205,'17','2019-04-03','2000-01-01 14:10:00 UTC','2000-01-01 22:13:00 UTC',1),(206,'18','2019-04-03','2000-01-01 07:12:00 UTC','2000-01-01 15:12:00 UTC',1),(207,'19','2019-04-03','2000-01-01 14:02:00 UTC','2000-01-01 22:12:00 UTC',1),(208,'20','2019-04-03','2000-01-01 14:10:00 UTC','2000-01-01 22:03:00 UTC',1),(209,'21','2019-04-03','2000-01-01 06:50:00 UTC','2000-01-01 15:00:00 UTC',1),(210,'22','2019-04-03','2000-01-01 14:02:00 UTC','2000-01-01 22:00:00 UTC',1),(211,'23','2019-04-03','2000-01-01 07:03:00 UTC','2000-01-01 15:10:00 UTC',1),(212,'24','2019-04-03','2000-01-01 06:46:00 UTC','2000-01-01 15:13:00 UTC',1),(213,'25','2019-04-03','2000-01-01 07:09:00 UTC','2000-01-01 15:01:00 UTC',1),(214,'26','2019-04-03','2000-01-01 13:58:00 UTC','2000-01-01 21:56:00 UTC',1),(215,'27','2019-04-03','2000-01-01 14:13:00 UTC','2000-01-01 22:09:00 UTC',1),(216,'28','2019-04-03','2000-01-01 18:56:00 UTC','2000-01-01 01:57:00 UTC',1),(217,'29','2019-04-03','2000-01-01 07:00:00 UTC','2000-01-01 15:02:00 UTC',1),(218,'30','2019-04-03','2000-01-01 19:01:00 UTC','2000-01-01 02:04:00 UTC',1),(219,'31','2019-04-03','2000-01-01 13:56:00 UTC','2000-01-01 22:12:00 UTC',1),(220,'32','2019-04-03','2000-01-01 14:12:00 UTC','2000-01-01 22:20:00 UTC',1),(221,'33','2019-04-03','2000-01-01 07:02:00 UTC','2000-01-01 15:03:00 UTC',1),(222,'34','2019-04-03','2000-01-01 14:00:00 UTC','2000-01-01 22:00:00 UTC',1),(223,'35','2019-04-03','2000-01-01 19:01:00 UTC','2000-01-01 02:03:00 UTC',1),(224,'36','2019-04-03','2000-01-01 14:12:00 UTC','2000-01-01 22:02:00 UTC',1),(225,'37','2019-04-03','2000-01-01 14:10:00 UTC','2000-01-01 22:13:00 UTC',1),(226,'38','2019-04-03','2000-01-01 07:12:00 UTC','2000-01-01 15:12:00 UTC',1),(227,'39','2019-04-03','2000-01-01 14:02:00 UTC','2000-01-01 22:12:00 UTC',1),(228,'40','2019-04-03','2000-01-01 14:10:00 UTC','2000-01-01 22:03:00 UTC',1),(229,'41','2019-04-03','2000-01-01 06:50:00 UTC','2000-01-01 15:00:00 UTC',1),(230,'42','2019-04-03','2000-01-01 14:02:00 UTC','2000-01-01 22:00:00 UTC',1),(231,'43','2019-04-03','2000-01-01 07:03:00 UTC','2000-01-01 15:10:00 UTC',1),(232,'44','2019-04-03','2000-01-01 06:46:00 UTC','2000-01-01 15:13:00 UTC',1),(233,'45','2019-04-03','2000-01-01 07:09:00 UTC','2000-01-01 15:01:00 UTC',1),(234,'46','2019-04-03','2000-01-01 13:58:00 UTC','2000-01-01 21:56:00 UTC',1),(235,'47','2019-04-03','2000-01-01 14:13:00 UTC','2000-01-01 22:09:00 UTC',1),(236,'1','2019-04-04','2000-01-01 06:50:00 UTC','2000-01-01 15:00:00 UTC',1),(237,'2','2019-04-04','2000-01-01 14:02:00 UTC','2000-01-01 22:00:00 UTC',1),(238,'3','2019-04-04','2000-01-01 07:03:00 UTC','2000-01-01 15:10:00 UTC',1),(239,'4','2019-04-04','2000-01-01 06:46:00 UTC','2000-01-01 15:13:00 UTC',1),(240,'5','2019-04-04','2000-01-01 07:09:00 UTC','2000-01-01 15:01:00 UTC',1),(241,'6','2019-04-04','2000-01-01 13:58:00 UTC','2000-01-01 21:56:00 UTC',1),(242,'7','2019-04-04','2000-01-01 14:13:00 UTC','2000-01-01 22:09:00 UTC',1),(243,'8','2019-04-04','2000-01-01 18:56:00 UTC','2000-01-01 01:57:00 UTC',1),(244,'9','2019-04-04','2000-01-01 07:00:00 UTC','2000-01-01 15:02:00 UTC',1),(245,'10','2019-04-04','2000-01-01 19:01:00 UTC','2000-01-01 02:04:00 UTC',1),(246,'11','2019-04-04','2000-01-01 13:56:00 UTC','2000-01-01 22:12:00 UTC',1),(247,'12','2019-04-04','2000-01-01 14:12:00 UTC','2000-01-01 22:20:00 UTC',1),(248,'13','2019-04-04','2000-01-01 07:02:00 UTC','2000-01-01 15:03:00 UTC',1),(249,'14','2019-04-04','2000-01-01 14:00:00 UTC','2000-01-01 22:00:00 UTC',1),(250,'15','2019-04-04','2000-01-01 19:01:00 UTC','2000-01-01 02:03:00 UTC',1),(251,'16','2019-04-04','2000-01-01 14:12:00 UTC','2000-01-01 22:02:00 UTC',1),(252,'17','2019-04-04','2000-01-01 14:10:00 UTC','2000-01-01 22:13:00 UTC',1),(253,'18','2019-04-04','2000-01-01 07:12:00 UTC','2000-01-01 15:12:00 UTC',1),(254,'19','2019-04-04','2000-01-01 14:02:00 UTC','2000-01-01 22:12:00 UTC',1),(255,'20','2019-04-04','2000-01-01 14:10:00 UTC','2000-01-01 22:03:00 UTC',1),(256,'21','2019-04-04','2000-01-01 06:50:00 UTC','2000-01-01 15:00:00 UTC',1),(257,'22','2019-04-04','2000-01-01 14:02:00 UTC','2000-01-01 22:00:00 UTC',1),(258,'23','2019-04-04','2000-01-01 07:03:00 UTC','2000-01-01 15:10:00 UTC',1),(259,'24','2019-04-04','2000-01-01 06:46:00 UTC','2000-01-01 15:13:00 UTC',1),(260,'25','2019-04-04','2000-01-01 07:09:00 UTC','2000-01-01 15:01:00 UTC',1),(261,'26','2019-04-04','2000-01-01 13:58:00 UTC','2000-01-01 21:56:00 UTC',1),(262,'27','2019-04-04','2000-01-01 14:13:00 UTC','2000-01-01 22:09:00 UTC',1),(263,'28','2019-04-04','2000-01-01 18:56:00 UTC','2000-01-01 01:57:00 UTC',1),(264,'29','2019-04-04','2000-01-01 07:00:00 UTC','2000-01-01 15:02:00 UTC',1),(265,'30','2019-04-04','2000-01-01 19:01:00 UTC','2000-01-01 02:04:00 UTC',1),(266,'31','2019-04-04','2000-01-01 13:56:00 UTC','2000-01-01 22:12:00 UTC',1),(267,'32','2019-04-04','2000-01-01 14:12:00 UTC','2000-01-01 22:20:00 UTC',1),(268,'33','2019-04-04','2000-01-01 07:02:00 UTC','2000-01-01 15:03:00 UTC',1),(269,'34','2019-04-04','2000-01-01 14:00:00 UTC','2000-01-01 22:00:00 UTC',1),(270,'35','2019-04-04','2000-01-01 19:01:00 UTC','2000-01-01 02:03:00 UTC',1),(271,'36','2019-04-04','2000-01-01 14:12:00 UTC','2000-01-01 22:02:00 UTC',1),(272,'37','2019-04-04','2000-01-01 14:10:00 UTC','2000-01-01 22:13:00 UTC',1),(273,'38','2019-04-04','2000-01-01 07:12:00 UTC','2000-01-01 15:12:00 UTC',1),(274,'39','2019-04-04','2000-01-01 14:02:00 UTC','2000-01-01 22:12:00 UTC',1),(275,'40','2019-04-04','2000-01-01 14:10:00 UTC','2000-01-01 22:03:00 UTC',1),(276,'41','2019-04-04','2000-01-01 06:50:00 UTC','2000-01-01 15:00:00 UTC',1),(277,'42','2019-04-04','2000-01-01 14:02:00 UTC','2000-01-01 22:00:00 UTC',1),(278,'43','2019-04-04','2000-01-01 07:03:00 UTC','2000-01-01 15:10:00 UTC',1),(279,'44','2019-04-04','2000-01-01 06:46:00 UTC','2000-01-01 15:13:00 UTC',1),(280,'45','2019-04-04','2000-01-01 07:09:00 UTC','2000-01-01 15:01:00 UTC',1),(281,'46','2019-04-04','2000-01-01 13:58:00 UTC','2000-01-01 21:56:00 UTC',1),(282,'47','2019-04-04','2000-01-01 14:13:00 UTC','2000-01-01 22:09:00 UTC',1),(283,'1','2019-04-04','2000-01-01 06:50:00 UTC','2000-01-01 15:00:00 UTC',1),(284,'2','2019-04-04','2000-01-01 14:02:00 UTC','2000-01-01 22:00:00 UTC',1),(285,'3','2019-04-04','2000-01-01 07:03:00 UTC','2000-01-01 15:10:00 UTC',1),(286,'4','2019-04-04','2000-01-01 06:46:00 UTC','2000-01-01 15:13:00 UTC',1),(287,'5','2019-04-04','2000-01-01 07:09:00 UTC','2000-01-01 15:01:00 UTC',1),(288,'6','2019-04-04','2000-01-01 13:58:00 UTC','2000-01-01 21:56:00 UTC',1),(289,'7','2019-04-04','2000-01-01 14:13:00 UTC','2000-01-01 22:09:00 UTC',1),(290,'8','2019-04-04','2000-01-01 18:56:00 UTC','2000-01-01 01:57:00 UTC',1),(291,'9','2019-04-04','2000-01-01 07:00:00 UTC','2000-01-01 15:02:00 UTC',1),(292,'10','2019-04-04','2000-01-01 19:01:00 UTC','2000-01-01 02:04:00 UTC',1),(293,'11','2019-04-04','2000-01-01 13:56:00 UTC','2000-01-01 22:12:00 UTC',1),(294,'12','2019-04-04','2000-01-01 14:12:00 UTC','2000-01-01 22:20:00 UTC',1),(295,'13','2019-04-04','2000-01-01 07:02:00 UTC','2000-01-01 15:03:00 UTC',1),(296,'14','2019-04-04','2000-01-01 14:00:00 UTC','2000-01-01 22:00:00 UTC',1),(297,'15','2019-04-04','2000-01-01 19:01:00 UTC','2000-01-01 02:03:00 UTC',1),(298,'16','2019-04-04','2000-01-01 14:12:00 UTC','2000-01-01 22:02:00 UTC',1),(299,'17','2019-04-04','2000-01-01 14:10:00 UTC','2000-01-01 22:13:00 UTC',1),(300,'18','2019-04-04','2000-01-01 07:12:00 UTC','2000-01-01 15:12:00 UTC',1),(301,'19','2019-04-04','2000-01-01 14:02:00 UTC','2000-01-01 22:12:00 UTC',1),(302,'20','2019-04-04','2000-01-01 14:10:00 UTC','2000-01-01 22:03:00 UTC',1),(303,'21','2019-04-04','2000-01-01 06:50:00 UTC','2000-01-01 15:00:00 UTC',1),(304,'22','2019-04-04','2000-01-01 14:02:00 UTC','2000-01-01 22:00:00 UTC',1),(305,'23','2019-04-04','2000-01-01 07:03:00 UTC','2000-01-01 15:10:00 UTC',1),(306,'24','2019-04-04','2000-01-01 06:46:00 UTC','2000-01-01 15:13:00 UTC',1),(307,'25','2019-04-04','2000-01-01 07:09:00 UTC','2000-01-01 15:01:00 UTC',1),(308,'26','2019-04-04','2000-01-01 13:58:00 UTC','2000-01-01 21:56:00 UTC',1),(309,'27','2019-04-04','2000-01-01 14:13:00 UTC','2000-01-01 22:09:00 UTC',1),(310,'28','2019-04-04','2000-01-01 18:56:00 UTC','2000-01-01 01:57:00 UTC',1),(311,'29','2019-04-04','2000-01-01 07:00:00 UTC','2000-01-01 15:02:00 UTC',1),(312,'30','2019-04-04','2000-01-01 19:01:00 UTC','2000-01-01 02:04:00 UTC',1),(313,'31','2019-04-04','2000-01-01 13:56:00 UTC','2000-01-01 22:12:00 UTC',1),(314,'32','2019-04-04','2000-01-01 14:12:00 UTC','2000-01-01 22:20:00 UTC',1),(315,'33','2019-04-04','2000-01-01 07:02:00 UTC','2000-01-01 15:03:00 UTC',1),(316,'34','2019-04-04','2000-01-01 14:00:00 UTC','2000-01-01 22:00:00 UTC',1),(317,'35','2019-04-04','2000-01-01 19:01:00 UTC','2000-01-01 02:03:00 UTC',1),(318,'36','2019-04-04','2000-01-01 14:12:00 UTC','2000-01-01 22:02:00 UTC',1),(319,'37','2019-04-04','2000-01-01 14:10:00 UTC','2000-01-01 22:13:00 UTC',1),(320,'38','2019-04-04','2000-01-01 07:12:00 UTC','2000-01-01 15:12:00 UTC',1),(321,'39','2019-04-04','2000-01-01 14:02:00 UTC','2000-01-01 22:12:00 UTC',1),(322,'40','2019-04-04','2000-01-01 14:10:00 UTC','2000-01-01 22:03:00 UTC',1),(323,'41','2019-04-04','2000-01-01 06:50:00 UTC','2000-01-01 15:00:00 UTC',1),(324,'42','2019-04-04','2000-01-01 14:02:00 UTC','2000-01-01 22:00:00 UTC',1),(325,'43','2019-04-04','2000-01-01 07:03:00 UTC','2000-01-01 15:10:00 UTC',1),(326,'44','2019-04-04','2000-01-01 06:46:00 UTC','2000-01-01 15:13:00 UTC',1),(327,'45','2019-04-04','2000-01-01 07:09:00 UTC','2000-01-01 15:01:00 UTC',1),(328,'46','2019-04-04','2000-01-01 13:58:00 UTC','2000-01-01 21:56:00 UTC',1),(329,'47','2019-04-04','2000-01-01 14:13:00 UTC','2000-01-01 22:09:00 UTC',1),(330,'1','2019-04-04','2000-01-01 06:50:00 UTC','2000-01-01 15:00:00 UTC',1),(331,'2','2019-04-04','2000-01-01 14:02:00 UTC','2000-01-01 22:00:00 UTC',1),(332,'3','2019-04-04','2000-01-01 07:03:00 UTC','2000-01-01 15:10:00 UTC',1),(333,'4','2019-04-04','2000-01-01 06:46:00 UTC','2000-01-01 15:13:00 UTC',1),(334,'5','2019-04-04','2000-01-01 07:09:00 UTC','2000-01-01 15:01:00 UTC',1),(335,'6','2019-04-04','2000-01-01 13:58:00 UTC','2000-01-01 21:56:00 UTC',1),(336,'7','2019-04-04','2000-01-01 14:13:00 UTC','2000-01-01 22:09:00 UTC',1),(337,'8','2019-04-04','2000-01-01 18:56:00 UTC','2000-01-01 01:57:00 UTC',1),(338,'9','2019-04-04','2000-01-01 07:00:00 UTC','2000-01-01 15:02:00 UTC',1),(339,'10','2019-04-04','2000-01-01 19:01:00 UTC','2000-01-01 02:04:00 UTC',1),(340,'11','2019-04-04','2000-01-01 13:56:00 UTC','2000-01-01 22:12:00 UTC',1),(341,'12','2019-04-04','2000-01-01 14:12:00 UTC','2000-01-01 22:20:00 UTC',1),(342,'13','2019-04-04','2000-01-01 07:02:00 UTC','2000-01-01 15:03:00 UTC',1),(343,'14','2019-04-04','2000-01-01 14:00:00 UTC','2000-01-01 22:00:00 UTC',1),(344,'15','2019-04-04','2000-01-01 19:01:00 UTC','2000-01-01 02:03:00 UTC',1),(345,'16','2019-04-04','2000-01-01 14:12:00 UTC','2000-01-01 22:02:00 UTC',1),(346,'17','2019-04-04','2000-01-01 14:10:00 UTC','2000-01-01 22:13:00 UTC',1),(347,'18','2019-04-04','2000-01-01 07:12:00 UTC','2000-01-01 15:12:00 UTC',1),(348,'19','2019-04-04','2000-01-01 14:02:00 UTC','2000-01-01 22:12:00 UTC',1),(349,'20','2019-04-04','2000-01-01 14:10:00 UTC','2000-01-01 22:03:00 UTC',1),(350,'21','2019-04-04','2000-01-01 06:50:00 UTC','2000-01-01 15:00:00 UTC',1),(351,'22','2019-04-04','2000-01-01 14:02:00 UTC','2000-01-01 22:00:00 UTC',1),(352,'23','2019-04-04','2000-01-01 07:03:00 UTC','2000-01-01 15:10:00 UTC',1),(353,'24','2019-04-04','2000-01-01 06:46:00 UTC','2000-01-01 15:13:00 UTC',1),(354,'25','2019-04-04','2000-01-01 07:09:00 UTC','2000-01-01 15:01:00 UTC',1),(355,'26','2019-04-04','2000-01-01 13:58:00 UTC','2000-01-01 21:56:00 UTC',1),(356,'27','2019-04-04','2000-01-01 14:13:00 UTC','2000-01-01 22:09:00 UTC',1),(357,'28','2019-04-04','2000-01-01 18:56:00 UTC','2000-01-01 01:57:00 UTC',1),(358,'29','2019-04-04','2000-01-01 07:00:00 UTC','2000-01-01 15:02:00 UTC',1),(359,'30','2019-04-04','2000-01-01 19:01:00 UTC','2000-01-01 02:04:00 UTC',1),(360,'31','2019-04-04','2000-01-01 13:56:00 UTC','2000-01-01 22:12:00 UTC',1),(361,'32','2019-04-04','2000-01-01 14:12:00 UTC','2000-01-01 22:20:00 UTC',1),(362,'33','2019-04-04','2000-01-01 07:02:00 UTC','2000-01-01 15:03:00 UTC',1),(363,'34','2019-04-04','2000-01-01 14:00:00 UTC','2000-01-01 22:00:00 UTC',1),(364,'35','2019-04-04','2000-01-01 19:01:00 UTC','2000-01-01 02:03:00 UTC',1),(365,'36','2019-04-04','2000-01-01 14:12:00 UTC','2000-01-01 22:02:00 UTC',1),(366,'37','2019-04-04','2000-01-01 14:10:00 UTC','2000-01-01 22:13:00 UTC',1),(367,'38','2019-04-04','2000-01-01 07:12:00 UTC','2000-01-01 15:12:00 UTC',1),(368,'39','2019-04-04','2000-01-01 14:02:00 UTC','2000-01-01 22:12:00 UTC',1),(369,'40','2019-04-04','2000-01-01 14:10:00 UTC','2000-01-01 22:03:00 UTC',1),(370,'41','2019-04-04','2000-01-01 06:50:00 UTC','2000-01-01 15:00:00 UTC',1),(371,'42','2019-04-04','2000-01-01 14:02:00 UTC','2000-01-01 22:00:00 UTC',1),(372,'43','2019-04-04','2000-01-01 07:03:00 UTC','2000-01-01 15:10:00 UTC',1),(373,'44','2019-04-04','2000-01-01 06:46:00 UTC','2000-01-01 15:13:00 UTC',1),(374,'45','2019-04-04','2000-01-01 07:09:00 UTC','2000-01-01 15:01:00 UTC',1),(375,'46','2019-04-04','2000-01-01 13:58:00 UTC','2000-01-01 21:56:00 UTC',1),(376,'47','2019-04-04','2000-01-01 14:13:00 UTC','2000-01-01 22:09:00 UTC',1);
/*!40000 ALTER TABLE `asistencias` ENABLE KEYS */;
UNLOCK TABLES;

--
-- Table structure for table `bajas`
--

DROP TABLE IF EXISTS `bajas`;
/*!40101 SET @saved_cs_client     = @@character_set_client */;
/*!40101 SET character_set_client = utf8 */;
CREATE TABLE `bajas` (
  `id` bigint(20) unsigned NOT NULL AUTO_INCREMENT,
  `id_articulo` varchar(100) DEFAULT NULL,
  `tipo` varchar(100) DEFAULT NULL,
  `fecha` varchar(100) DEFAULT NULL,
  `motivo` varchar(100) DEFAULT NULL,
  `error` tinyint(1) DEFAULT NULL,
  PRIMARY KEY (`id`),
  UNIQUE KEY `id` (`id`)
) ENGINE=InnoDB AUTO_INCREMENT=4 DEFAULT CHARSET=utf8;
/*!40101 SET character_set_client = @saved_cs_client */;

--
-- Dumping data for table `bajas`
--

LOCK TABLES `bajas` WRITE;
/*!40000 ALTER TABLE `bajas` DISABLE KEYS */;
INSERT INTO `bajas` VALUES (1,'13','Equipo','2015-03-12','Obsolescencia',1),(2,'14','Equipo','2015-04-12','Obsolescencia',1),(3,'15','Equipo','2015-05-12','Obsolescensia',1);
/*!40000 ALTER TABLE `bajas` ENABLE KEYS */;
UNLOCK TABLES;

--
-- Table structure for table `bajas_empleados`
--

DROP TABLE IF EXISTS `bajas_empleados`;
/*!40101 SET @saved_cs_client     = @@character_set_client */;
/*!40101 SET character_set_client = utf8 */;
CREATE TABLE `bajas_empleados` (
  `id` bigint(20) unsigned NOT NULL AUTO_INCREMENT,
  `motivo` varchar(100) DEFAULT NULL,
  `id_empleado` varchar(100) DEFAULT NULL,
  `error` tinyint(1) DEFAULT NULL,
  PRIMARY KEY (`id`),
  UNIQUE KEY `id` (`id`)
) ENGINE=InnoDB AUTO_INCREMENT=5 DEFAULT CHARSET=utf8;
/*!40101 SET character_set_client = @saved_cs_client */;

--
-- Dumping data for table `bajas_empleados`
--

LOCK TABLES `bajas_empleados` WRITE;
/*!40000 ALTER TABLE `bajas_empleados` DISABLE KEYS */;
INSERT INTO `bajas_empleados` VALUES (1,'Cuestiones personales','27',NULL),(2,'Cambio de empresa','47',NULL),(3,NULL,'1',NULL),(4,NULL,'42',NULL);
/*!40000 ALTER TABLE `bajas_empleados` ENABLE KEYS */;
UNLOCK TABLES;

--
-- Table structure for table `bebida_por_comandas`
--

DROP TABLE IF EXISTS `bebida_por_comandas`;
/*!40101 SET @saved_cs_client     = @@character_set_client */;
/*!40101 SET character_set_client = utf8 */;
CREATE TABLE `bebida_por_comandas` (
  `id` bigint(20) unsigned NOT NULL AUTO_INCREMENT,
  `id_comanda` varchar(100) DEFAULT NULL,
  `id_bebida` varchar(100) DEFAULT NULL,
  `cantidad` varchar(100) DEFAULT NULL,
  `error` tinyint(1) DEFAULT NULL,
  PRIMARY KEY (`id`),
  UNIQUE KEY `id` (`id`)
) ENGINE=InnoDB AUTO_INCREMENT=30 DEFAULT CHARSET=utf8;
/*!40101 SET character_set_client = @saved_cs_client */;

--
-- Dumping data for table `bebida_por_comandas`
--

LOCK TABLES `bebida_por_comandas` WRITE;
/*!40000 ALTER TABLE `bebida_por_comandas` DISABLE KEYS */;
INSERT INTO `bebida_por_comandas` VALUES (1,'1','1','1',NULL),(2,'1','2','1',NULL),(3,'1','3','1',NULL),(4,'2','1','1',NULL),(5,'2','4','1',NULL),(6,'2','5','1',NULL),(7,'2','6','1',NULL),(8,'3','1','1',NULL),(9,'3','5','1',NULL),(10,'3','6','1',NULL),(11,'3','8','1',NULL),(12,'4','10','1',NULL),(13,'4','11','1',NULL),(14,'4','12','1',NULL),(15,'4','13','1',NULL),(16,'5','1','2',NULL),(17,'5','2','1',NULL),(18,'5','3','1',NULL),(19,'6','13','1',NULL),(20,'6','15','1',NULL),(21,'8','1','1',NULL),(22,'9','2','1',NULL),(23,'10','3','1',NULL),(24,'11','4','1',NULL),(25,'12','5','1',NULL),(26,'15','6','1',NULL),(27,'17','8','1',NULL),(28,'18','9','1',NULL),(29,'19','11','1',NULL);
/*!40000 ALTER TABLE `bebida_por_comandas` ENABLE KEYS */;
UNLOCK TABLES;

--
-- Table structure for table `bebidas`
--

DROP TABLE IF EXISTS `bebidas`;
/*!40101 SET @saved_cs_client     = @@character_set_client */;
/*!40101 SET character_set_client = utf8 */;
CREATE TABLE `bebidas` (
  `id` bigint(20) unsigned NOT NULL AUTO_INCREMENT,
  `nombre` varchar(100) DEFAULT NULL,
  `precio` varchar(100) DEFAULT NULL,
  `descripcion` varchar(100) DEFAULT NULL,
  `error` tinyint(1) DEFAULT NULL,
  PRIMARY KEY (`id`),
  UNIQUE KEY `id` (`id`)
) ENGINE=InnoDB AUTO_INCREMENT=21 DEFAULT CHARSET=utf8;
/*!40101 SET character_set_client = @saved_cs_client */;

--
-- Dumping data for table `bebidas`
--

LOCK TABLES `bebidas` WRITE;
/*!40000 ALTER TABLE `bebidas` DISABLE KEYS */;
INSERT INTO `bebidas` VALUES (1,'pina colada','55.0000',NULL,NULL),(2,'martini','60.0000','bebida preparada con alcohol',NULL),(3,'bloody mary','70.0000','bebida preparada sin alcohol',NULL),(4,'mojito','50.0000','bebida preparada con alcohol',NULL),(5,'coconut','40.0000','bebida preparada sin alcohol',NULL),(6,'sacrificio maya','60.0000','bebida preparada con alcohol',NULL),(7,'destornillador','55.0000','bebida preparada con alcohol',NULL),(8,'suitemamba','70.0000','bebida preparada sin alcohol',NULL),(9,'black rusian','40.0000','bebida preparada con alcohol',NULL),(10,'margarita','55.0000','bebida preparada sin alcohol',NULL),(11,'tequila sunrise','70.0000','bebida preparada con alcohol',NULL),(12,'manhattan','60.0000',NULL,NULL),(13,'cerveza','15.0000','bebida con alcohol',NULL),(14,'coca cola','12.0000','bebida sin alcohol',NULL),(15,'jugo del valle','10.0000','bebida sin alcohol',NULL),(16,'agua fresca','8.0000','bebida preparada sin alcohol',NULL),(17,'agua enbotellada','10.0000','bebida sin alcohol',NULL),(18,'jugo de frutas','0.0000','bebida sin alcohol',NULL),(19,'sprite','0.0000','bebida sin alcohol',NULL),(20,'fanta','0.0000',NULL,NULL);
/*!40000 ALTER TABLE `bebidas` ENABLE KEYS */;
UNLOCK TABLES;

--
-- Table structure for table `capacitaciones_por_empleado`
--

DROP TABLE IF EXISTS `capacitaciones_por_empleado`;
/*!40101 SET @saved_cs_client     = @@character_set_client */;
/*!40101 SET character_set_client = utf8 */;
CREATE TABLE `capacitaciones_por_empleado` (
  `id` bigint(20) unsigned NOT NULL AUTO_INCREMENT,
  `id_programa` varchar(100) DEFAULT NULL,
  `id_empleado` varchar(100) DEFAULT NULL,
  `f_inicio` varchar(100) DEFAULT NULL,
  `f_fin` varchar(100) DEFAULT NULL,
  `estado` varchar(100) DEFAULT NULL,
  `error` tinyint(1) DEFAULT NULL,
  PRIMARY KEY (`id`),
  UNIQUE KEY `id` (`id`)
) ENGINE=InnoDB AUTO_INCREMENT=7 DEFAULT CHARSET=utf8;
/*!40101 SET character_set_client = @saved_cs_client */;

--
-- Dumping data for table `capacitaciones_por_empleado`
--

LOCK TABLES `capacitaciones_por_empleado` WRITE;
/*!40000 ALTER TABLE `capacitaciones_por_empleado` DISABLE KEYS */;
INSERT INTO `capacitaciones_por_empleado` VALUES (1,'3','18','2014-01-12','2014-01-25','Finalizado',1),(2,'4','27','2017-06-23','2017-06-29','Finalizado',1),(3,'3','47','2017-03-21',NULL,'Cancelado',1),(4,'1','5','2017-10-03','2017-10-12','Finalizado',1),(5,'1','14','2017-11-10','2017-11-18','Finalizado',1),(6,NULL,'29','2018-12-04','2018-12-12','Cancelado',1);
/*!40000 ALTER TABLE `capacitaciones_por_empleado` ENABLE KEYS */;
UNLOCK TABLES;

--
-- Table structure for table `clientes`
--

DROP TABLE IF EXISTS `clientes`;
/*!40101 SET @saved_cs_client     = @@character_set_client */;
/*!40101 SET character_set_client = utf8 */;
CREATE TABLE `clientes` (
  `id` bigint(20) NOT NULL AUTO_INCREMENT,
  `nombre` varchar(255) DEFAULT NULL,
  `estado` varchar(255) DEFAULT NULL,
  `correo` varchar(255) DEFAULT NULL,
  `telefono` varchar(255) DEFAULT NULL,
  `error` tinyint(1) DEFAULT NULL,
  PRIMARY KEY (`id`)
) ENGINE=InnoDB AUTO_INCREMENT=3580 DEFAULT CHARSET=utf8;
/*!40101 SET character_set_client = @saved_cs_client */;

--
-- Dumping data for table `clientes`
--

LOCK TABLES `clientes` WRITE;
/*!40000 ALTER TABLE `clientes` DISABLE KEYS */;
INSERT INTO `clientes` VALUES (3395,'Jose Ramon  Sanchez  Solorzano','Colima','15460020@itcolima.edu.mx',NULL,1),(3396,'Socorro Solorzano1 Cortes','Chiapas','socorro@gmail.com',NULL,1),(3397,'Veida Vega Solorzano8','Campeche','veida_123@hotmail.com',NULL,1),(3398,'Dora Jimenez Cortes','Aguascalientes','dora@gmail.com',NULL,1),(3399,'Maria Larios Espinoza','Guerrero','maria.le@gmail.com',NULL,1),(3400,'Sile$m Cardenaz Mendoza','Jalisco','silem.cm@gmail.com',NULL,1),(3401,'Marcela Reyes Larios','M?xico','marce@hotmail.com',NULL,1),(3402,'Maria Jimenez Cortes','Morelos','maria.jc@gmail.com',NULL,1),(3403,'Juana Lopez Reyna','Puebla#','reina@gmail.com',NULL,1),(3404,'Diana Cuevas Perez','Colima','diana.cuevas@hotmail.com',NULL,1),(3405,'Petra) Alavarez Cabrera ','Oaxaca','petra@gmail.com',NULL,1),(3406,'America Vega Silva','Colima','silva.gol@gmail.com',NULL,1),(3407,'Francia Flores Flores','Sinaloa','dos.flores@hotmail.com',NULL,1),(3408,'Emilio Renteria  Hernandez','Colima','verano@gmail.com',NULL,1),(3409,'Perla Valencia Olvera#','Colima','florez@hotmail.com',NULL,1),(3410,'Eduardo Vadillo Vadillo','Colima','primo.traumo@gmail.com',NULL,1),(3411,'Pascual Valencia Verduzco','Oaxaca','pascual@gmail.com',NULL,1),(3412,'Cesar Reyes Sanchez','Colima','cesarin@hotmail.com',NULL,1),(3413,'Reyes Sanchez  Reyna','Guerrero','sanchez.r@gmail.com',NULL,1),(3414,'Julio Cortez9 Zamano','Colima','samano@gmail.com',NULL,1),(3415,'Pedro Juarez Alvarado','Colima','pedro.jua@hotmail.com',NULL,1),(3416,'Maria Cardenaz Sanchez','Colima','maria.kasa@gmail.com',NULL,1),(3417,'Jose Vega4 Vega','Colima','jose.vv@gmail.com',NULL,1),(3418,'Carmen Solano Ramirez','Colima','carmensolano@gmail.com',NULL,1),(3419,'Carla Bautista Vera','Colima','vera.carla@gmail.com',NULL,1),(3420,'Karla3 Larios Dias','Colima','karla233@gmail.com',NULL,1),(3421,'Pablo Zamora Cortes','Colima','pablo123@hotmail.com',NULL,1),(3422,'Ernesto Dominguez Dias','Colima','dias3695@gmail.com',NULL,1),(3423,'Andres Moran Duarte','Colima','andres.199@gmail.com',NULL,1),(3424,'David Flores Sanchez','Colima3','david.sanchez@gmail.com',NULL,1),(3425,'Miguel4  Urbina Perez','Colima','urbina123@gmail.com',NULL,1),(3426,'Braulio Gutierres Rojas','Colima','braulio.rojas@gmail.com',NULL,1),(3427,'Nivaldo Qui?ones Garcia','Colima','gym.nivitriz@gmail.com',NULL,1),(3428,'Hugo Batista Cruz','Colima','barba89@gmail.com',NULL,1),(3429,'Enrike6 Ramirez Reyna','Colima','enrique1236@gmail.com',NULL,1),(3430,'Julian5 Guilder Briviescas',NULL,NULL,'3127577',1),(3431,'Lanny Beardon Buenavides',NULL,NULL,'3124449',1),(3432,'Christy90 Braidman Buendia',NULL,NULL,'3121981',1),(3433,'Marsiella De Bernardis Bueno',NULL,NULL,'3125837',1),(3434,'Eileen Cloy Buenrostro',NULL,NULL,'3129922',1),(3435,'Rozanna Emerson Buentello',NULL,NULL,'3121223',1),(3436,'Dorisa Tessier Bugarin',NULL,NULL,'3128528',1),(3437,'Randi Carme Buitimea',NULL,NULL,'3123014',1),(3438,'Garret Cianelli Brocal',NULL,NULL,'3127577',1),(3439,'Derry Dimeloe Brooks',NULL,NULL,'3124082',1),(3440,'Lamond Reddy Brown',NULL,NULL,'3127681',1),(3441,'Cecile Blacket Bruno',NULL,NULL,'3126435',1),(3442,'Roderigo Cornilleau Brusiaga',NULL,NULL,'3125968',1),(3443,'Katha Swinerd Buelna',NULL,NULL,'3125193',1),(3444,'Tabbatha Dorey Buen',NULL,NULL,'3123016',1),(3445,'Cherilyn Streatley Buenabides',NULL,NULL,'3128494',1),(3446,'Pascal Battram Buitron',NULL,NULL,'3121677',1),(3447,'Karna100 Ciric Burciaga',NULL,NULL,'3128076',1),(3448,'Chucho Anfusso Burgos',NULL,NULL,'3125928',1),(3449,'Laura Struis Burnett',NULL,NULL,'3125067',1),(3450,'Jewel Love Bustamante',NULL,NULL,'3124989',1),(3451,'Margret Luna Bustos',NULL,NULL,'3123009',1),(3452,'Lorant Worgen11 Butanda',NULL,NULL,'3129318',1),(3453,'Merrel Lippitt Butierres',NULL,NULL,'3125106',1),(3454,'Urban Hendrickx Byrd',NULL,NULL,'3124644',1),(3455,'Braden Tidball Caacuaa',NULL,NULL,'3129056',1),(3456,'Antonietta Kieff Caacusi',NULL,NULL,'3127678',1),(3457,'Silvan Feldhuhn Caaghu',NULL,NULL,'3128361',1),(3458,'Shep88 Pesik Caasayu',NULL,NULL,'3123224',1),(3459,'Elfreda McAnalley Caballero',NULL,NULL,'3122134',1),(3460,'Dickie Ellam Cabanillas',NULL,NULL,'3121897',1),(3461,'Abran Hearmon Cabello',NULL,NULL,'3127848',1),(3462,'Gretel Gowanson Cabesa',NULL,NULL,'3126015',1),(3463,'Neddie Shenton Cabral',NULL,NULL,'3122046',1),(3464,'Kaitlynn Dudeney Cabrera',NULL,NULL,'3122664',1),(3465,'Michal Aiskrigg Cabriales',NULL,NULL,'3127338',1),(3466,'Brinn Fulcher99 Cacalotl',NULL,NULL,'3121778',1),(3467,'Percy Wildish Cacillas',NULL,NULL,'3129905',1),(3468,'Christan Ranaghan Cacimiro',NULL,NULL,'3129496',1),(3469,'Juan Gonzales Caco',NULL,NULL,'3121218',1),(3470,'Nayeli Mendoza Cacuaa',NULL,NULL,'3128637',1),(3471,'Noelia Arguellez Cacuiy',NULL,NULL,'3121709',1),(3472,'Miguel11 Penner Cacusi',NULL,NULL,'3125406',1),(3473,'Pedro Caldeiro Caghi',NULL,NULL,'3127777',1),(3474,'Sergio Hotson Caghu',NULL,NULL,'3127714',1),(3475,'Angel Duggan Cague',NULL,NULL,'3129941',1),(3476,'Isabel Lambswood Caguihui',NULL,NULL,'3125580',1),(3477,'Mara Carmen Hunnam Cahua',NULL,NULL,'3127182',1),(3478,'Concepcion Huson Cahuaco99',NULL,NULL,'3124275',1),(3479,'Jose Foxcroft Cahuidzu',NULL,NULL,'3123717',1),(3480,'Perla Olivar Cahuiyo',NULL,NULL,'3123468',1),(3481,'Josue Hare Calata',NULL,NULL,'3121840',1),(3482,'Josefa Guichard Calbario',NULL,NULL,'3129145',1),(3483,'Juan Benedetti Calbo',NULL,NULL,'3129744',1),(3484,'Jose Luis Byng Caldera',NULL,NULL,'3127874',1),(3485,'Silvia11 Wooder Calderon',NULL,NULL,'3123906',1),(3486,'Miguel Norewood Calisto',NULL,NULL,'3125097',1),(3487,'Mara Frowde Calistro',NULL,NULL,'3122951',1),(3488,'Juan Carlos Spiteri Callejas',NULL,NULL,'3123075',1),(3489,'Isabel Tweedie Calleros',NULL,NULL,'3121589',1),(3490,'Dolores Hendrich Calles11',NULL,NULL,'3121848',1),(3491,'Javier Hotson Calletano',NULL,NULL,'3128365',1),(3492,'Juana Hare Calsada',NULL,NULL,'3126920',1),(3493,'Elena Digby Calvario',NULL,NULL,'3121762',1),(3494,'Angel Gimbrett Calvillo',NULL,NULL,'3129838',1),(3495,'Leire Stammers Cama',NULL,NULL,'3123476',1),(3496,'Francisco Luckman Camacho',NULL,NULL,'3127387',1),(3497,'Manuel Garner Camahu',NULL,NULL,'3122766',1),(3498,'Antonio Woloschin Camarena',NULL,NULL,'3122286',1),(3499,'Maria Luisa MacQuarrie Camargo',NULL,NULL,'3123744',1),(3500,'Maria Carmen Leverton Camarillo',NULL,NULL,'3125700',1),(3501,'Carmen Lamba Camau',NULL,NULL,'3129743',1),(3502,'Maria Elena Capper Camberos',NULL,NULL,'3124297',1),(3503,'Laura Seage Cambray',NULL,NULL,'3126345',1),(3504,'David Crosston Camino',NULL,NULL,'3126616',1),(3505,'Anna Watman Campa',NULL,NULL,'3122527',1),(3506,'Francisco Fletcher Campirano',NULL,NULL,'3126902',1),(3507,'Susana Tibbotts Campos',NULL,NULL,'3127692',1),(3508,'Ramon Atwater Camposano',NULL,NULL,'3124929',1),(3509,'Joaquin Houlson Campusano',NULL,NULL,'3123897',1),(3510,'Matias Crothers Cana',NULL,NULL,'3127522',1),(3511,'Maria Luisa Fullylove Canal',NULL,NULL,'3125093',1),(3512,'Francisco Ralton Canchola',NULL,NULL,'3126949',1),(3513,'Antonia Dake Cancino',NULL,NULL,'3122521',1),(3514,'Alejandro Kohler Candelaria',NULL,NULL,'3127070',1),(3515,'Manuel McRavey Candelario',NULL,NULL,'3127777',1),(3516,'Juan Jeandot Candia',NULL,NULL,'3129599',1),(3517,'Antonio Brotherick Canedo',NULL,NULL,'3123660',1),(3518,'Raquel Pesselt Canela',NULL,NULL,'3121843',1),(3519,'Rafael Berzon Canencia',NULL,NULL,'3125654',1),(3520,'Consuelo Perrone Cano',NULL,NULL,'3122581',1),(3521,'Margarita Vivash Canoa',NULL,NULL,'3128091',1),(3522,'Francisco Javier Calendar Canpos',NULL,NULL,'3127416',1),(3523,'Antonio McClunaghan Canseco',NULL,NULL,'3125365',1),(3524,'Carmen Delia Locker Cansino',NULL,NULL,'3125863',1),(3525,'Victor Beahan Cantero',NULL,NULL,'3121873',1),(3526,'Maria Teresa Aubrey Cantu',NULL,NULL,'3129656',1),(3527,'Cristina Dearlove Canuu',NULL,NULL,'3122026',1),(3528,'Rafael Pavluk Canzeco',NULL,NULL,'3127060',1),(3529,'Esther Ruppele Capasete',NULL,NULL,'3125981',1),(3530,'Jesœs Farias Capetillo',NULL,NULL,'3127883',1),(3531,'Ana Castro Capistrano',NULL,NULL,'3123150',1),(3532,'Abel Larios Caquihui',NULL,NULL,'3127635',1),(3533,'Miguel ængel Ubieta Cara',NULL,NULL,'3122462',1),(3534,'Francisco Gavito Carabajal',NULL,NULL,'3124099',1),(3535,'Andres Fuentes Caraballo',NULL,NULL,'3122769',1),(3536,'Luis Sabino Carabantes',NULL,NULL,'3121853',1),(3537,'Mar­a Luisa Senavol Carabaxal',NULL,NULL,'3129802',1),(3538,'Manuel Arguellez Carapia',NULL,NULL,'3122946',1),(3539,'Leire Penner Carasco',NULL,NULL,'3123375',1),(3540,'Enrique Caldeiro Caravajal',NULL,NULL,'3126994',1),(3541,'Oscar Hotson Caravallo',NULL,NULL,'3125584',1),(3542,'Roberto Duggan Caravantes',NULL,NULL,'3124635',1),(3543,'Isabel Lambswood Cardenas',NULL,NULL,'3121309',1),(3544,'Isabel Hunnam Cardiel',NULL,NULL,'3123726',1),(3545,'Javier Huson Cardona',NULL,NULL,'3125432',1),(3546,'Francisco Foxcroft Cardoso',NULL,NULL,'3128122',1),(3547,'Mohammed Olivar Cariaga',NULL,NULL,'3125683',1),(3548,'Marcos Hare Carillo',NULL,NULL,'3124836',1),(3549,'Josefa Candelario Carion',NULL,NULL,'3125546',1),(3550,'Carmen Bolivar Carlin',NULL,NULL,'3124622',1),(3551,'Elena Hernandez Carlon',NULL,NULL,'3129700',1),(3552,'Rosario Duerte Carlos',NULL,NULL,'3122801',1),(3553,'Jorge Garcia Carmel',NULL,NULL,'3123374',1),(3554,'Sara Bravo Carmona',NULL,NULL,'3124903',1),(3555,'Miguel Gonzalez Caro',NULL,NULL,'3129601',1),(3556,'Pilar Gonzales Carpintero',NULL,NULL,'3122697',1),(3557,'Marilu Rodriguez Carpio',NULL,NULL,'3129009',1),(3558,'Isabel Oliv0 Carrales',NULL,NULL,'3126956',1),(3559,'Carmen Iturbide Carranco',NULL,NULL,'3129364',1),(3560,'Manuel Hurd Carrasco',NULL,NULL,'3128255',1),(3561,'Josue Renouf Carreno',NULL,NULL,'3126511',1),(3562,'Jordi Linn Carrera',NULL,NULL,'3123935',1),(3563,'Francisca Jameson Carreto',NULL,NULL,'3129493',1),(3564,'Daniel Crisp Carrillo',NULL,NULL,'3121421',1),(3565,'Nuria Milton Carrion',NULL,NULL,'3123928',1),(3566,'Alba Apark Carrisal',NULL,NULL,'3128219',1),(3567,'Miguel ængel Allden Carrisales',NULL,NULL,'3128686',1),(3568,'Carmen Houldey Carriyo',NULL,NULL,'3121493',1),(3569,'Martin Guillain Carrizal',NULL,NULL,'3122994',1),(3570,'Francisco Javier Arguellez Carro',NULL,NULL,'3128759',1),(3571,'Josep Pinto Carvajal',NULL,NULL,'3124730',1),(3572,'Andres Pinzon Casa',NULL,NULL,'3126563',1),(3573,'Sergio Carbajal Casanoba',NULL,NULL,'3123571',1),(3574,'Martin Roebuck Calzada',NULL,NULL,'3126172',1),(3575,'Jossiel Kores Campillo',NULL,NULL,'3127492',1),(3576,'Marcus Pettiward Canceco',NULL,NULL,'3128630',1),(3577,'Marsela Patiño Capitan',NULL,NULL,'3125137',1),(3578,'Josue Fernandez Carandia',NULL,NULL,'3121734',1),(3579,'Ramiro Juarez Carnero',NULL,NULL,'3121705',1);
/*!40000 ALTER TABLE `clientes` ENABLE KEYS */;
UNLOCK TABLES;

--
-- Table structure for table `comandas`
--

DROP TABLE IF EXISTS `comandas`;
/*!40101 SET @saved_cs_client     = @@character_set_client */;
/*!40101 SET character_set_client = utf8 */;
CREATE TABLE `comandas` (
  `id` bigint(20) unsigned NOT NULL AUTO_INCREMENT,
  `id_reservacion` varchar(100) DEFAULT NULL,
  `id_empleado` varchar(100) DEFAULT NULL,
  `fecha` varchar(100) DEFAULT NULL,
  `hora_reservacion` varchar(100) DEFAULT NULL,
  `error` tinyint(1) DEFAULT NULL,
  PRIMARY KEY (`id`),
  UNIQUE KEY `id` (`id`)
) ENGINE=InnoDB AUTO_INCREMENT=31 DEFAULT CHARSET=utf8;
/*!40101 SET character_set_client = @saved_cs_client */;

--
-- Dumping data for table `comandas`
--

LOCK TABLES `comandas` WRITE;
/*!40000 ALTER TABLE `comandas` DISABLE KEYS */;
INSERT INTO `comandas` VALUES (1,'1','3','2019-04-01 00:00:00','1899-12-30 12:00:00',1),(2,'2','9','2019-04-01 00:00:00','1899-12-30 13:00:00',1),(3,'3','9','2019-04-02 00:00:00','1899-12-30 10:00:00',1),(4,'4','9','2019-04-03 00:00:00','1899-12-30 10:00:00',1),(5,'5','3','2019-04-03 00:00:00','1899-12-30 11:00:00',1),(6,'6','3','2019-04-03 00:00:00','1899-12-30 12:00:00',1),(7,'7','3','2019-04-03 00:00:00','1899-12-30 13:00:00',1),(8,'8','9','2019-04-03 00:00:00','1899-12-30 13:00:00',1),(9,'9','3','2019-04-03 00:00:00','1899-12-30 13:00:00',1),(10,'10','12','2019-04-03 00:00:00','1899-12-30 14:00:00',1),(11,'11','17','2019-04-03 00:00:00','1899-12-30 14:00:00',1),(12,'12','17','2019-04-03 00:00:00','1899-12-30 15:00:00',1),(13,'13','17','2019-04-04 00:00:00','1899-12-30 16:00:00',1),(14,'14','12','2019-04-04 00:00:00','1899-12-30 16:00:00',1),(15,'15','12','2019-04-04 00:00:00','1899-12-30 18:00:00',1),(16,'16','12','2019-04-04 00:00:00','1899-12-30 16:00:00',1),(17,'17','12','2019-04-04 00:00:00','1899-12-30 17:00:00',1),(18,'18','17','2019-04-04 00:00:00','1899-12-30 18:00:00',1),(19,'19','17','2019-04-04 00:00:00','1899-12-30 19:00:00',1),(20,'20','3','2019-04-05 00:00:00','1899-12-30 11:00:00',1),(21,'0','3','2019-04-10 00:00:00','1899-12-30 10:00:00',1),(22,'0','3','2019-04-10 00:00:00','1899-12-30 11:00:00',1),(23,'0','9','2019-04-11 00:00:00','1899-12-30 13:00:00',1),(24,'0','9','2019-04-12 00:00:00','1899-12-30 13:00:00',1),(25,'0','3','2019-04-12 00:00:00','1899-12-30 11:00:00',1),(26,'0','3','2019-04-13 00:00:00','1899-12-30 11:00:00',1),(27,'0','3','2019-04-13 00:00:00','1899-12-30 12:00:00',1),(28,'0','3','2019-04-13 00:00:00','1899-12-30 12:00:00',1),(29,'0','3','2019-04-14 00:00:00','1899-12-30 10:00:00',1),(30,'0','9','2019-04-15 00:00:00','1899-12-30 13:00:00',1);
/*!40000 ALTER TABLE `comandas` ENABLE KEYS */;
UNLOCK TABLES;

--
-- Table structure for table `detalle_facturas_restaurante`
--

DROP TABLE IF EXISTS `detalle_facturas_restaurante`;
/*!40101 SET @saved_cs_client     = @@character_set_client */;
/*!40101 SET character_set_client = utf8 */;
CREATE TABLE `detalle_facturas_restaurante` (
  `id` bigint(20) unsigned NOT NULL AUTO_INCREMENT,
  `id_factura` varchar(100) DEFAULT NULL,
  `id_comanda` varchar(100) DEFAULT NULL,
  `fecha_emision` varchar(100) DEFAULT NULL,
  `total` varchar(100) DEFAULT NULL,
  `error` tinyint(1) DEFAULT NULL,
  PRIMARY KEY (`id`),
  UNIQUE KEY `id` (`id`)
) ENGINE=InnoDB AUTO_INCREMENT=26 DEFAULT CHARSET=utf8;
/*!40101 SET character_set_client = @saved_cs_client */;

--
-- Dumping data for table `detalle_facturas_restaurante`
--

LOCK TABLES `detalle_facturas_restaurante` WRITE;
/*!40000 ALTER TABLE `detalle_facturas_restaurante` DISABLE KEYS */;
INSERT INTO `detalle_facturas_restaurante` VALUES (1,'1','1','2019-04-01 00:00:00','485.0000',1),(2,'2','2','2019-04-01 00:00:00','495.0000',1),(3,'3','3','2019-04-02 00:00:00','450.0000',1),(4,'4','4','2019-04-03 00:00:00','200.0000',1),(5,'5','5','2019-04-03 00:00:00','365.0000',1),(6,'6','6','2019-04-03 00:00:00','102.0000',1),(7,'7','7','2019-04-03 00:00:00','50.0000',1),(8,'8','8','2019-04-03 00:00:00','155.0000',1),(9,'9','9','2019-04-03 00:00:00','150.0000',1),(10,'10','10','2019-04-03 00:00:00','120.0000',1),(11,'11','11','2019-04-03 00:00:00','50.0000',1),(12,'12','12','2019-04-03 00:00:00','40.0000',1),(13,'13','13','2019-04-04 00:00:00','40.0000',1),(14,'14','14','2019-04-04 00:00:00','65.0000',1),(15,'15','15','2019-04-04 00:00:00','130.0000',1),(16,'16','16','2019-04-04 00:00:00','80.0000',1),(17,'17','17','2019-04-04 00:00:00','70.0000',1),(18,'18','18','2019-04-04 00:00:00','40.0000',1),(19,'19','19','2019-04-04 00:00:00','70.0000',1),(20,'20','20','2019-04-05 00:00:00','70.0000',1),(21,'21','21','2019-04-10 00:00:00','60.0000',1),(22,'22','22','2019-04-10 00:00:00','70.0000',1),(23,'23','23','2019-04-11 00:00:00','50.0000',1),(24,'24','24','2019-04-12 00:00:00','70.0000',1),(25,'25','25','2019-04-12 00:00:00','80.0000',1);
/*!40000 ALTER TABLE `detalle_facturas_restaurante` ENABLE KEYS */;
UNLOCK TABLES;

--
-- Table structure for table `detallefacturas`
--

DROP TABLE IF EXISTS `detallefacturas`;
/*!40101 SET @saved_cs_client     = @@character_set_client */;
/*!40101 SET character_set_client = utf8 */;
CREATE TABLE `detallefacturas` (
  `id` bigint(20) unsigned NOT NULL AUTO_INCREMENT,
  `cantidad` varchar(100) DEFAULT NULL,
  `total` varchar(100) DEFAULT NULL,
  `id_factura` varchar(100) DEFAULT NULL,
  `id_servicio_hotel` varchar(100) DEFAULT NULL,
  `error` tinyint(1) DEFAULT NULL,
  PRIMARY KEY (`id`),
  UNIQUE KEY `id` (`id`)
) ENGINE=InnoDB AUTO_INCREMENT=20 DEFAULT CHARSET=utf8;
/*!40101 SET character_set_client = @saved_cs_client */;

--
-- Dumping data for table `detallefacturas`
--

LOCK TABLES `detallefacturas` WRITE;
/*!40000 ALTER TABLE `detallefacturas` DISABLE KEYS */;
INSERT INTO `detallefacturas` VALUES (1,'1','20.0','1','1',NULL),(2,'1','20.0','12','2',NULL),(3,'1','25.0','13','3',NULL),(4,'1','25.0','14','4',NULL),(5,'1','120.0','15','5',NULL),(6,'1','20.0','16','6',NULL),(7,'1','20.0','17','7',NULL),(8,'1','25.0','18','8',NULL),(9,'1','25.0','19','9',NULL),(10,'1','120.0','20','10',NULL),(11,'1','20.0','21','11',NULL),(12,'1','20.0','22','12',NULL),(13,'1','25.0','23','13',NULL),(14,'1','25.0','24','14',NULL),(15,'1','120.0','25','15',NULL),(16,'1','20.0','26','16',NULL),(17,'1','20.0','27','17',NULL),(18,'1','25.0','28','18',NULL),(19,'1','25.0','29','19',NULL);
/*!40000 ALTER TABLE `detallefacturas` ENABLE KEYS */;
UNLOCK TABLES;

--
-- Table structure for table `dhabitaciones`
--

DROP TABLE IF EXISTS `dhabitaciones`;
/*!40101 SET @saved_cs_client     = @@character_set_client */;
/*!40101 SET character_set_client = utf8 */;
CREATE TABLE `dhabitaciones` (
  `id` bigint(20) unsigned NOT NULL AUTO_INCREMENT,
  `nombre` varchar(100) DEFAULT NULL,
  `precio` varchar(100) DEFAULT NULL,
  `error` tinyint(1) DEFAULT NULL,
  PRIMARY KEY (`id`),
  UNIQUE KEY `id` (`id`)
) ENGINE=InnoDB AUTO_INCREMENT=9 DEFAULT CHARSET=utf8;
/*!40101 SET character_set_client = @saved_cs_client */;

--
-- Dumping data for table `dhabitaciones`
--

LOCK TABLES `dhabitaciones` WRITE;
/*!40000 ALTER TABLE `dhabitaciones` DISABLE KEYS */;
INSERT INTO `dhabitaciones` VALUES (1,'Individual','600.0',NULL),(2,'Doble de Uso Indibidual','700.0',NULL),(3,'Doble','1000.0',NULL),(4,'Con Cama Supletoria','1200.0',NULL),(5,'Triple','1500.0',NULL),(6,' Junior Suites','2000.0',NULL),(7,'Suites','3000.0',NULL),(8,'Suite Nupcial','3500.0',NULL);
/*!40000 ALTER TABLE `dhabitaciones` ENABLE KEYS */;
UNLOCK TABLES;

--
-- Table structure for table `empleados`
--

DROP TABLE IF EXISTS `empleados`;
/*!40101 SET @saved_cs_client     = @@character_set_client */;
/*!40101 SET character_set_client = utf8 */;
CREATE TABLE `empleados` (
  `id` bigint(20) unsigned NOT NULL AUTO_INCREMENT,
  `nombre` varchar(100) DEFAULT NULL,
  `f_nacimiento` varchar(100) DEFAULT NULL,
  `c_electronico` varchar(100) DEFAULT NULL,
  `n_telefono` varchar(100) DEFAULT NULL,
  `genero` varchar(100) DEFAULT NULL,
  `rfc` varchar(100) DEFAULT NULL,
  `baja` varchar(100) DEFAULT NULL,
  `sistema` varchar(100) DEFAULT NULL,
  `f_entrada` varchar(100) DEFAULT NULL,
  `error` tinyint(1) DEFAULT NULL,
  `id_sistema` varchar(100) DEFAULT NULL,
  PRIMARY KEY (`id`),
  UNIQUE KEY `id` (`id`)
) ENGINE=InnoDB AUTO_INCREMENT=2371 DEFAULT CHARSET=utf8;
/*!40101 SET character_set_client = @saved_cs_client */;

--
-- Dumping data for table `empleados`
--

LOCK TABLES `empleados` WRITE;
/*!40000 ALTER TABLE `empleados` DISABLE KEYS */;
INSERT INTO `empleados` VALUES (2284,'Isidro… Castro',NULL,NULL,'3126511',NULL,NULL,NULL,'A',NULL,1,NULL),(2285,'Nicolas55 Ubieta',NULL,NULL,'3121421',NULL,NULL,NULL,'A',NULL,1,NULL),(2286,'Juan Fuentes',NULL,NULL,'3128219',NULL,NULL,NULL,'A',NULL,1,NULL),(2287,'Joel Fernandez',NULL,NULL,'3122994',NULL,NULL,NULL,'A',NULL,1,NULL),(2288,'Fernando  \r\nCristian\r\nDiana\r\nJul1a\r\nManuel\r\nPaula\r\nDaniela\r\nJose\r\nDaniel Arguellez',NULL,NULL,'3128759',NULL,NULL,NULL,'A',NULL,1,NULL),(2289,'Diana++ Hotson',NULL,NULL,'3123571',NULL,NULL,NULL,'A',NULL,1,NULL),(2290,'Manuel Lambswood',NULL,NULL,'3124717',NULL,NULL,NULL,'A',NULL,1,NULL),(2291,'Daniela Huson000',NULL,NULL,'3124527',NULL,NULL,NULL,'A',NULL,1,NULL),(2292,'Alexander111 Hare',NULL,NULL,'3123615',NULL,NULL,NULL,'A',NULL,1,NULL),(2293,'Jose Foxcroft',NULL,NULL,'3121454',NULL,NULL,NULL,'A',NULL,1,NULL),(2294,'Ivon Patiño',NULL,NULL,'3123935',NULL,NULL,NULL,'A',NULL,1,NULL),(2295,'Hector Larios',NULL,NULL,'3129493',NULL,NULL,NULL,'A',NULL,1,NULL),(2296,'Cesar Senavol',NULL,NULL,'3121493',NULL,NULL,NULL,'A',NULL,1,NULL),(2297,'Paula Hunnam',NULL,NULL,'3127956',NULL,NULL,NULL,'A',NULL,1,NULL),(2298,'Esteban Gavito',NULL,NULL,'3123928',NULL,NULL,NULL,'A',NULL,1,NULL),(2299,'Juliana Duggan',NULL,NULL,'3129183',NULL,NULL,NULL,'A',NULL,1,NULL),(2300,'Ruben Sabino',NULL,NULL,'3128686',NULL,NULL,NULL,'A',NULL,1,NULL),(2301,'Fernando Penner',NULL,NULL,'3124730',NULL,NULL,NULL,'A',NULL,1,NULL),(2302,'Cristian Caldeiro',NULL,NULL,'3126563',NULL,NULL,NULL,'A',NULL,1,NULL),(2303,'Daniela Olivar',NULL,NULL,'3125528',NULL,NULL,NULL,'A',NULL,1,NULL),(2304,'Isidro Castro Hernandez','2000-10-26','Isidro_Hernandez@gmail.example.com','(312)511-74-47','0','CAHI001026DX0','0','M','2016-07-09',1,NULL),(2305,'Ivon Patiño Duerte','1987-05-18','Ivon_patiño@gmail.example.com','(312)227-84-59','1','PADI870518RD0','0','M','2018-05-06',1,NULL),(2306,'H3ctor Larios Garcí4','1992-08-30','Hector_larios@gmail.example.com','(312)601-79-26','0','LAGH111013RT3','0','M','2011-10-13',1,NULL),(2307,'Nicolas Ubieta Bravo','2000-02-27','Nicolas_ubieta@gmail.example.com','(312)598-59-47','0','UBBN920830UE8','0','M','2012-01-25',1,NULL),(2308,'Esteban Gavito Juarez','1979-11-21','Esteban_gavito@gmail.example.com','(312)582-92-07','0','GAJE791121IK9','0','M','2011-08-29',1,NULL),(2309,'Juan Fuentes Gonzalez','1984-06-22','Juan_fuentes@gmail.example.com','(312)353-70-22','0','FUGJ840622TR8','0','M','2016-09-10',1,NULL),(2310,'Ruben Sabino Gonzalez','1985-10-11','Ruben_sabino@gmail.example.com','(312)343-26-94','0','SAGR851011BD4','0','M','2015-12-10',1,NULL),(2311,'Cesar Senevol Rodriguez','1984-12-28','Cesar_senevol@gmail.example.com','(312)936-87-33','0','SERC841228TC7','0','M','2013-08-27',1,NULL),(2312,'Joel Fernandez Olivo','1978-03-26','Joel_fernandez@gmail.example.com','(312)263-46-19','0','FEOJ120909RS4','0','M','2012-09-09',1,NULL),(2313,'Fernando Arguellez Iturbide','1996-03-13','Fernando_arguellez@gmail.example.com','(312)637-76-03','0','ARIF160308GV1','0','M','2016-03-08',1,NULL),(2314,'Fernando Penner Hurdd','1998-06-24','fernando_penner@gmail.example.com','(312)572-07-61','0','PEHF980624YT7','0','M','2018-01-28',1,NULL),(2315,'Cristian Caldeiro Renouf','1981-06-17','Cristian_caldeiro@gmail.example.com','(312)985-72-91','0','CARC810617BG7','0','M','2016-05-07',1,NULL),(2316,'Diana Hotson Linn','1986-11-23','Diana_hotson@gmail.example.com','(312)548-15-81','1','HOLD861123HB4','0','M','2016-05-11',1,NULL),(2317,'Juliana Duggan Jammeson','1998-09-04','Juliana_duggan@gmail.example.com','(312)189-88-37','1','DUJJ980904GF4','0','M','2014-05-29',1,NULL),(2318,'Manuel Lambswood Crisp','1993-02-16','Manuel_lambswood@gmail.example.com','(312)093-86-55','0','LACM930216PO2','0','M','2013-04-20',1,NULL),(2319,'Paula Hunnam Milton','1999-12-08','Paula_hunnam@gmail.example.com','(312)314-50-59','0','HUMP991208VT8','0','M','2011-11-04',1,NULL),(2320,'Daniela Huson Apark','2000-12-21','Daniela_huson@gmail.example.com','(312)087-67-88','1','HUAD001221YR5','0','M','2015-07-09',1,NULL),(2321,'Jose Foxcroft Allden','1990-11-04','Jose_foxcroft@gmail.example.com','(312)777-61-48','0','FOAJ901104HX7','0','M','2014-08-01',1,NULL),(2322,'Daniela Olivar Houldey','1987-07-18','Daniela_olivar@gmail.example.com','(312)420-07-67','1','OLHD870718UD3','0','M','2017-04-26',1,NULL),(2323,'Alexander Hare G.','1991-08-12','Alexander_hare@gmail.example.com','(312)716-86-64','0','HAGA010812HD8','0','M','2018-01-29',1,NULL),(2324,'Gerardo Urbina Heredia','1997-04-13','gerardo_urbina@gmail.com','(453)123-12-12','0','URHG276619FD89','0','M','2011-10-13',1,NULL),(2325,'Esperanza Rios','1999-12-23','esperanza_22@hotmail.com','(453)465-98-98','1','RIRE874529lR78','0','M','2012-06-11',1,NULL),(2326,'Pedro Ibrahim Rodriguez','1988-11-21','pedrito_ibramm12@gmail.com','(452)453-88-64','0','ROTP895284TS67','0','M','2013-05-21',1,NULL),(2327,'Carlos Omar Sánchez Solórzano','1980-09-16','carlos_omar.S@gmail.com','(312)169-87-45','0','ROEO987635MNRE','0','M','2014-04-21',1,NULL),(2328,'Karla Vega Vega','1993-03-03','karla_vega@gmail.com','(312)102-54-87','1','VEVK875418MB53','0','M','2014-04-21',1,NULL),(2329,'Cinthya Medrano Maldonado','1991-06-25','cinthya_maldonad0@gmail.com','(312)165-89-74','1','MEMC875418MMc89','0','M','2014-04-21',1,NULL),(2330,'Alondra Jazmin Solorio Prado','1994-10-23','alondra.jazmin@gmail.com','(453)231-99-89','1','SOPA176954RC90','1','M','2017-03-14',1,NULL),(2331,'Gabriela Ramirez Rodriguez','1990-01-15','ramires_rodriguesz@gmai.com','(312)169-78-41','1','RARG984615YX67','0','M','2014-04-21',1,NULL),(2332,'Romina Lamina Canina','1991-10-21','romina.lamina@yahoo.com','(312)128-88-56','1',NULL,'0','M','2014-04-21',1,NULL),(2333,'Grecia Torres Altas','1996-01-01','torres_atlas@gmail.com','(312)169-45-85','1','TOAG871520LL','0','M','2014-04-21',1,NULL),(2334,'Yareli Hernandez','1997-07-07','yareli_hernandesz.12@gmail.com','(452)187-78-55','1','HERY872512GT','0','M','2015-12-23',1,NULL),(2335,'Vanesa Mesa Santos','1996-08-23','vanessa_mesa@icloud.com','(312)123-94-21','1','MESV761824NM87','0','M','2014-04-21',1,NULL),(2336,'Valentina Rosas Ramos','1991-09-03','rammmos_rosas@yahoo.com','(312)698-74-51','1','RORV761829JG37','0','M','2014-04-21',1,NULL),(2337,'Norma Contreras Mesa','1993-05-16','contreras_norma@hotmail.com','(312)695-45-82','1','COMN761452RC88','0','M','2014-04-21',1,NULL),(2338,'Maria Guadalupe Estrada','1998-08-16','maria_guadalupe_estrada@gmail.com','(312)698-45-26','1','GUE152406TW89','0','M','2014-04-21',1,NULL),(2339,'Ximena Ramos Farias','1990-12-09','ramos_farias@gmail.com','(312)345-26-97','1','RAFX871452HX89','0','M','2014-04-21',1,NULL),(2340,'Zoe Cuevaz','1992-06-06','cuenza_zoe@gmail.com','(312)369-87-96','1','CUCZ142746UC55','0','M','2014-04-21',1,NULL),(2341,'Gustavo Dias','1980-05-25','gustavo_dias','(452)243-77-43','0','DIZG7639843ER','0','M','2012-06-19',1,NULL),(2342,'Zoila Del Rincon Ruiz','0197-08-23','ruiz_sola@gmail.com','(312)183-15-51','1','RIRZ981427IG78','0','M','2014-04-21',1,NULL),(2343,'Alejandra Vega Solorzano ','2000-03-20','ale_vega@hotmail.com','(312)369-12-30','1','VESA981023JJ#2','0','M','2014-04-21',1,NULL),(2344,'Maria Jose Rubio ','1993-03-03','jose_maria_rubia@gmail.com','(312)589-45-23','1','RURJ752634EE89','0','M','2014-04-21',1,NULL),(2345,'Pedro Garcia Guzman','1991-01-21','gustavo_23@hotmail.com','(312)156-98-74','0','GAGP156231YR78','0','M','2014-04-21',1,NULL),(2346,'Josefina Sierra Mota','1996-08-01','sierra_mota@josefina.com','(312)654-12-36','1','SIMJ8714253HS78','0','M','2014-04-21',1,NULL),(2347,'Maria De Jesus Cuevas ','1992-12-12','cuevas_maria@yahoo.com','(312)541-69-83','1','CURM561328UR','0','M','2014-04-21',1,NULL),(2348,'Maria Camila Remedios','1992-08-05','m.rmedio@gmail.com','(312)697-45-11','1','RECM715364LK89','0','M','2014-04-21',1,NULL),(2349,'Ernesto Alcaraz Aumada',NULL,'ernestooo_aumada@gmail.com','(452)132-67-10','0','ALAE653182UR63','0','M','2014-04-21',1,NULL),(2350,'Gimena Madrigal ','1991-06-18','gimme_madrgl@gmail.com','(453)234-11-85','1','MARG761922HJ32','1','M','2018-03-21',1,NULL),(2351,'Carlos Omar S?nchez Sol?rzano8','1980-09-16',NULL,'3121698745',NULL,NULL,NULL,'R',NULL,1,NULL),(2352,'Pedro Garcia Guzman','1991-01-21',NULL,'312156987',NULL,NULL,NULL,'R',NULL,1,NULL),(2353,'Karla Vega Vega','1993-03-03',NULL,'3121025487',NULL,NULL,NULL,'R',NULL,1,NULL),(2354,'Cinthya Medrano Maldonado','1991-06-25',NULL,'3121658974',NULL,NULL,NULL,'R',NULL,1,NULL),(2355,'Gabriela Ramirez Rodriguez','1990-01-15',NULL,'3121697841',NULL,NULL,NULL,'R',NULL,1,NULL),(2356,'Romina Lamina Canina0','1991-10-21',NULL,'3121288856',NULL,NULL,NULL,'R',NULL,1,NULL),(2357,'Grecia Torres Altas','1996-01-01',NULL,'3121694585p',NULL,NULL,NULL,'R',NULL,1,NULL),(2358,'Cinthya Maria Larios Flores','1996-02-02',NULL,'3121369785',NULL,NULL,NULL,'R',NULL,1,NULL),(2359,'Vanesa Mesa Santos3','1996-08-23',NULL,'3121239421',NULL,NULL,NULL,'R',NULL,1,NULL),(2360,'Valentina Rosas Ramos','1991-09-03',NULL,'3126987451',NULL,NULL,NULL,'R',NULL,1,NULL),(2361,'Norma Contreras Mesa','1993-05-16',NULL,'312695458',NULL,NULL,NULL,'R',NULL,1,NULL),(2362,'Maria Guadalupe Estrada','1998-08-16',NULL,'3126984526',NULL,NULL,NULL,'R',NULL,1,NULL),(2363,'Ximena Ramos Farias','1990-12-09',NULL,'3123452697',NULL,NULL,NULL,'R',NULL,1,NULL),(2364,'Zoe Cuevaz','1992-06-06',NULL,'3123698796',NULL,NULL,NULL,'R',NULL,1,NULL),(2365,'Zoila del Rincon Ruiz6','1997-08-23',NULL,'3121831551',NULL,NULL,NULL,'R',NULL,1,NULL),(2366,'Alejandra Vega Solorzano','2000-03-20',NULL,'3123691230',NULL,NULL,NULL,'R',NULL,1,NULL),(2367,'Maria Jose Rubio','1993-03-03',NULL,'3125894523',NULL,NULL,NULL,'R',NULL,1,NULL),(2368,'Josefina Sierra Mota','1996-08-01',NULL,'3126541236*',NULL,NULL,NULL,'R',NULL,1,NULL),(2369,'Maria de Jesus Cuevas','1992-12-12',NULL,'3125416983',NULL,NULL,NULL,'R',NULL,1,NULL),(2370,'Maria Camila Remedios$','1992-08-05',NULL,'3126974511',NULL,NULL,NULL,'R',NULL,1,NULL);
/*!40000 ALTER TABLE `empleados` ENABLE KEYS */;
UNLOCK TABLES;

--
-- Table structure for table `empresas`
--

DROP TABLE IF EXISTS `empresas`;
/*!40101 SET @saved_cs_client     = @@character_set_client */;
/*!40101 SET character_set_client = utf8 */;
CREATE TABLE `empresas` (
  `id` bigint(20) unsigned NOT NULL AUTO_INCREMENT,
  `nombre` varchar(100) DEFAULT NULL,
  `error` tinyint(1) DEFAULT NULL,
  PRIMARY KEY (`id`),
  UNIQUE KEY `id` (`id`)
) ENGINE=InnoDB AUTO_INCREMENT=17 DEFAULT CHARSET=utf8;
/*!40101 SET character_set_client = @saved_cs_client */;

--
-- Dumping data for table `empresas`
--

LOCK TABLES `empresas` WRITE;
/*!40000 ALTER TABLE `empresas` DISABLE KEYS */;
INSERT INTO `empresas` VALUES (1,'Modatelas',NULL),(2,'Amamex',NULL),(3,'Comex',NULL),(4,'Corona',NULL),(5,'Muebles Guerrero',NULL),(6,'Linio',NULL),(7,'J.M Romo ',1),(8,'HP',NULL),(9,'Truper',NULL),(10,'ACADEM',NULL),(11,'Merza',NULL),(12,'Dormimundo',NULL),(13,'AirMaxz',NULL),(14,'Samsung',NULL),(15,'SmasClub',NULL),(16,'iShop',NULL);
/*!40000 ALTER TABLE `empresas` ENABLE KEYS */;
UNLOCK TABLES;

--
-- Table structure for table `equipohabitaciones`
--

DROP TABLE IF EXISTS `equipohabitaciones`;
/*!40101 SET @saved_cs_client     = @@character_set_client */;
/*!40101 SET character_set_client = utf8 */;
CREATE TABLE `equipohabitaciones` (
  `id` bigint(20) unsigned NOT NULL AUTO_INCREMENT,
  `idEquipoH` varchar(100) DEFAULT NULL,
  `idEquipo` varchar(100) DEFAULT NULL,
  `idHabitacion` varchar(100) DEFAULT NULL,
  `error` tinyint(1) DEFAULT NULL,
  PRIMARY KEY (`id`),
  UNIQUE KEY `id` (`id`)
) ENGINE=InnoDB AUTO_INCREMENT=34 DEFAULT CHARSET=utf8;
/*!40101 SET character_set_client = @saved_cs_client */;

--
-- Dumping data for table `equipohabitaciones`
--

LOCK TABLES `equipohabitaciones` WRITE;
/*!40000 ALTER TABLE `equipohabitaciones` DISABLE KEYS */;
INSERT INTO `equipohabitaciones` VALUES (1,NULL,'3','1',NULL),(2,NULL,'2','1',NULL),(3,NULL,'5','1',NULL),(4,NULL,'4','2',NULL),(5,NULL,'2','2',NULL),(6,NULL,'6','2',NULL),(7,NULL,'4','3',NULL),(8,NULL,'2','3',NULL),(9,NULL,'6','3',NULL),(10,NULL,'2','4',NULL),(11,NULL,'3','4',NULL),(12,NULL,'4','4',NULL),(13,NULL,'5','4',NULL),(14,NULL,'6','4',NULL),(15,NULL,'2','5',NULL),(16,NULL,'4','5',NULL),(17,NULL,'3','5',NULL),(18,NULL,'5','5',NULL),(19,NULL,'6','5',NULL),(20,NULL,'3','6',NULL),(21,NULL,'3','6',NULL),(22,NULL,'7','6',NULL),(23,NULL,'1','6',NULL),(24,NULL,'1','7',NULL),(25,NULL,'3','7',NULL),(26,NULL,'3','7',NULL),(27,NULL,'4','7',NULL),(28,NULL,'6','7',NULL),(29,NULL,'7','7',NULL),(30,NULL,'1','8',NULL),(31,NULL,'3','8',NULL),(32,NULL,'3','8',NULL),(33,NULL,'2','8',NULL);
/*!40000 ALTER TABLE `equipohabitaciones` ENABLE KEYS */;
UNLOCK TABLES;

--
-- Table structure for table `equipos`
--

DROP TABLE IF EXISTS `equipos`;
/*!40101 SET @saved_cs_client     = @@character_set_client */;
/*!40101 SET character_set_client = utf8 */;
CREATE TABLE `equipos` (
  `id` bigint(20) unsigned NOT NULL AUTO_INCREMENT,
  `nombre` varchar(100) DEFAULT NULL,
  `modelo` varchar(100) DEFAULT NULL,
  `id_sistema` varchar(100) DEFAULT NULL,
  `sistema` varchar(100) DEFAULT NULL,
  `error` tinyint(1) DEFAULT NULL,
  PRIMARY KEY (`id`),
  UNIQUE KEY `id` (`id`)
) ENGINE=InnoDB AUTO_INCREMENT=2077 DEFAULT CHARSET=utf8;
/*!40101 SET character_set_client = @saved_cs_client */;

--
-- Dumping data for table `equipos`
--

LOCK TABLES `equipos` WRITE;
/*!40000 ALTER TABLE `equipos` DISABLE KEYS */;
INSERT INTO `equipos` VALUES (1993,'Podadora Truper','P-418','1','RH',NULL),(1994,'i Mac','2015','2','RH',NULL),(1995,'Anafe Industrial','Super 750 Rovesco','3','RH',NULL),(1996,'Salad bar','Hotinox','4','RH',NULL),(1997,'Mueble recepción','B-67','5','RH',1),(1998,'Escritorio cristal L','Templade Super','6','RH',NULL),(1999,'Silla ejecutiva','CS-4135','7','RH',NULL),(2000,'Silla tipo piel ',' RTA919VBK','8','RH',1),(2001,'Sofá Curvo','Arena','9','RH',1),(2002,'Sofá ejecutivo','BM912','10','RH',1),(2003,'Cama matrimonial','Craftwan','11','RH',NULL),(2004,'Cama matrimonial','MissuraEmme','12','RH',NULL),(2005,'Cama matrimonial','Giorgetti','13','RH',NULL),(2006,'Multi funcional','HP','14','RH',NULL),(2007,'Pintarrones','Berol','15','RH',NULL),(2008,'Ventilador','Super Fan','16','RH',NULL),(2009,'Bocinas','Bosseee','17','RH',NULL),(2010,'Television','Samsung','18','RH',NULL),(2011,'Microondas','Samsung','19','RH',NULL),(2012,'Tina','H&E','20','RH',NULL),(2013,'Aire acondicionado','AirWeeeek P12','21','RH',NULL),(2014,'Ventilador de techo','AirWeeeek AR-2','22','RH',NULL),(2015,'Base individual','Dormimundo I','23','RH',NULL),(2016,'Base matromonial','Dormimundo MA-1','24','RH',NULL),(2017,'Colchon individual','Dormimundo I-0','25','RH',NULL),(2018,'Colchon matromonial','Dormimundo CM-0','26','RH',NULL),(2019,'Colchon king size','Dormimundo KS-5','27','RH',NULL),(2020,'turbolicuadora',NULL,'1','R',1),(2021,'licuadora',NULL,'2','R',1),(2022,'arrocera',NULL,'3','R',1),(2023,'batidora',NULL,'4','R',1),(2024,'extractor',NULL,'5','R',1),(2025,'refrigerador',NULL,'6','R',1),(2026,'horno',NULL,'7','R',1),(2027,'horno de microondas',NULL,'8','R',1),(2028,'procesador',NULL,'9','R',1),(2029,'tostador',NULL,'10','R',1),(2030,'rebanadora',NULL,'11','R',1),(2031,'cafetera',NULL,'12','R',1),(2032,'tazon de mezcla555',NULL,'13','R',1),(2033,'balanza',NULL,'14','R',1),(2034,'espatula',NULL,'15','R',1),(2035,'rallador',NULL,'16','R',1),(2036,'pelador',NULL,'17','R',1),(2037,'estufa',NULL,'18','R',1),(2038,'plancha',NULL,'19','R',1),(2039,'parrilla',NULL,'20','R',1),(2040,'congelador',NULL,'21','R',1),(2041,'maquina lava trastes',NULL,'22','R',1),(2042,'freidora',NULL,'23','R',1),(2043,'asador',NULL,'24','R',1),(2044,'batidor',NULL,'25','R',1),(2045,'cepillo de metal333',NULL,'26','R',1),(2046,'comal',NULL,'27','R',1),(2047,'colador',NULL,'28','R',1),(2048,'cubeta',NULL,'29','R',1),(2049,'cucharon',NULL,'30','R',1),(2050,'cuchillo---',NULL,'31','R',1),(2051,'dispensador de agua',NULL,'32','R',1),(2052,'embudo',NULL,'33','R',1),(2053,'infusor',NULL,'34','R',1),(2054,'jarra',NULL,'35','R',1),(2055,'medidor',NULL,'36','R',1),(2056,'olla',NULL,'37','R',1),(2057,'olla de presion',NULL,'38','R',1),(2058,'pica hielo',NULL,'39','R',1),(2059,'pinzas',NULL,'40','R',1),(2060,'rodillo++++',NULL,'41','R',1),(2061,'sarten',NULL,'42','R',1),(2062,'servilletero',NULL,'43','R',1),(2063,'tabla para picar',NULL,'44','R',1),(2064,'termometro',NULL,'45','R',1),(2065,'timbres',NULL,'46','R',1),(2066,'timer',NULL,'47','R',1),(2067,'vinagretas*',NULL,'48','R',1),(2068,'rodillo ponchador',NULL,'49','R',1),(2069,'tenedor de cocina',NULL,'50','R',1),(2070,'Aire Acondicionado',NULL,'1','H',1),(2071,'Ventilador de techo',NULL,'2','H',1),(2072,'Base individual',NULL,'3','H',1),(2073,'Base matriminial',NULL,'4','H',1),(2074,'Colchon Individual',NULL,'5','H',1),(2075,'Colchon Matrimonial',NULL,'6','H',1),(2076,'Colchon King siza',NULL,'7','H',1);
/*!40000 ALTER TABLE `equipos` ENABLE KEYS */;
UNLOCK TABLES;

--
-- Table structure for table `equipos_por_pedido`
--

DROP TABLE IF EXISTS `equipos_por_pedido`;
/*!40101 SET @saved_cs_client     = @@character_set_client */;
/*!40101 SET character_set_client = utf8 */;
CREATE TABLE `equipos_por_pedido` (
  `id` bigint(20) unsigned NOT NULL AUTO_INCREMENT,
  `id_equipo` varchar(100) DEFAULT NULL,
  `id_pedido` varchar(100) DEFAULT NULL,
  `sistema` varchar(100) DEFAULT NULL,
  `id_sistema` varchar(100) DEFAULT NULL,
  `error` tinyint(1) DEFAULT NULL,
  PRIMARY KEY (`id`),
  UNIQUE KEY `id` (`id`)
) ENGINE=InnoDB AUTO_INCREMENT=109 DEFAULT CHARSET=utf8;
/*!40101 SET character_set_client = @saved_cs_client */;

--
-- Dumping data for table `equipos_por_pedido`
--

LOCK TABLES `equipos_por_pedido` WRITE;
/*!40000 ALTER TABLE `equipos_por_pedido` DISABLE KEYS */;
INSERT INTO `equipos_por_pedido` VALUES (99,'2','73','RR','1',NULL),(100,'14','73','RR','2',NULL),(101,'18','73','RR','3',NULL),(102,'17','73','RR','4',NULL),(103,'2','55','RR','5',NULL),(104,'17','55','RR','6',NULL),(105,'16','55','RR','7',NULL),(106,'21','62','RR','8',NULL),(107,NULL,'21','R','1',NULL),(108,NULL,'22','R','2',NULL);
/*!40000 ALTER TABLE `equipos_por_pedido` ENABLE KEYS */;
UNLOCK TABLES;

--
-- Table structure for table `equipos_por_recibo`
--

DROP TABLE IF EXISTS `equipos_por_recibo`;
/*!40101 SET @saved_cs_client     = @@character_set_client */;
/*!40101 SET character_set_client = utf8 */;
CREATE TABLE `equipos_por_recibo` (
  `id` bigint(20) unsigned NOT NULL AUTO_INCREMENT,
  `id_sistema` varchar(100) DEFAULT NULL,
  `sistema` varchar(100) DEFAULT NULL,
  `id_equipo` varchar(100) DEFAULT NULL,
  `id_recibo_compra` varchar(100) DEFAULT NULL,
  `n_serie` varchar(100) DEFAULT NULL,
  `f_finalizacion_garantia` varchar(100) DEFAULT NULL,
  `error` tinyint(1) DEFAULT NULL,
  PRIMARY KEY (`id`),
  UNIQUE KEY `id` (`id`)
) ENGINE=InnoDB AUTO_INCREMENT=246 DEFAULT CHARSET=utf8;
/*!40101 SET character_set_client = @saved_cs_client */;

--
-- Dumping data for table `equipos_por_recibo`
--

LOCK TABLES `equipos_por_recibo` WRITE;
/*!40000 ALTER TABLE `equipos_por_recibo` DISABLE KEYS */;
INSERT INTO `equipos_por_recibo` VALUES (229,'1','RR','2','73','C02SW0AAGVH3','2020-04-15',1),(230,'2','RR','2','73','C52ST0AAFVH4','2020-04-15',1),(231,'3','RR','2','73','A02SM0AATVH5','2020-04-15',1),(232,'4','RR','14','73','C52SW0ABFVH9','2020-04-15',1),(233,'5','RR','18','73','C01SW0BAFVK7','2020-04-15',1),(234,'6','RR','17','73','C02XW4AAYVH8','2020-04-15',1),(235,'7','RR','17','73','V02SW0AOFVH2','2020-04-15',1),(236,'8','RR','2','55','R02SW0AAFWH15','2020-04-15',1),(237,'9','RR','17','55','C02VW0OAFVH16','2020-04-15',1),(238,'10','RR','16','55','C07SW0HAFVH15','2020-04-15',1),(239,'11','RR','16','55','J02SW0AEFVH13','2020-04-15',1),(240,'12','RR','21','62','C22SRAAFVH15','2021-04-15',1),(241,'13','RR','14',NULL,'T72SHAKFHH10',NULL,1),(242,'14','RR','2',NULL,'W52SOARFHI10',NULL,1),(243,'15','RR','17',NULL,'B52URAKFHH89',NULL,1),(244,'1','R','1','21',NULL,NULL,1),(245,'2','R','2','22',NULL,NULL,1);
/*!40000 ALTER TABLE `equipos_por_recibo` ENABLE KEYS */;
UNLOCK TABLES;

--
-- Table structure for table `facturas`
--

DROP TABLE IF EXISTS `facturas`;
/*!40101 SET @saved_cs_client     = @@character_set_client */;
/*!40101 SET character_set_client = utf8 */;
CREATE TABLE `facturas` (
  `id` bigint(20) unsigned NOT NULL AUTO_INCREMENT,
  `id_sistema` varchar(100) DEFAULT NULL,
  `id_cliente` varchar(100) DEFAULT NULL,
  `id_empleado` varchar(100) DEFAULT NULL,
  `total` varchar(100) DEFAULT NULL,
  `fecha_emision` varchar(100) DEFAULT NULL,
  `tipo_pago` varchar(100) DEFAULT NULL,
  `id_renta` varchar(100) DEFAULT NULL,
  `sistema` varchar(100) DEFAULT NULL,
  `error` tinyint(1) DEFAULT NULL,
  `fecha` varchar(100) DEFAULT NULL,
  PRIMARY KEY (`id`),
  UNIQUE KEY `id` (`id`)
) ENGINE=InnoDB AUTO_INCREMENT=593 DEFAULT CHARSET=utf8;
/*!40101 SET character_set_client = @saved_cs_client */;

--
-- Dumping data for table `facturas`
--

LOCK TABLES `facturas` WRITE;
/*!40000 ALTER TABLE `facturas` DISABLE KEYS */;
INSERT INTO `facturas` VALUES (564,NULL,'1','1','18583.2',NULL,'Contado3','1',NULL,1,NULL),(565,NULL,'10','2','18560.0',NULL,'Contado','2',NULL,1,NULL),(566,NULL,'15','1','45240.0',NULL,'Contado','3',NULL,1,NULL),(567,NULL,'20','3','7830.0',NULL,'Contado','4',NULL,1,NULL),(568,NULL,'5','4','-34800.0',NULL,'Contado','5',NULL,1,NULL),(569,NULL,'6','5','5742.0',NULL,'Contado','6',NULL,1,NULL),(570,NULL,'7','1','27144.0',NULL,'Contado','7',NULL,1,NULL),(571,NULL,'8','2','34800.0',NULL,'Contado','8',NULL,1,NULL),(572,NULL,'11','1','13572.0',NULL,'Contado','9',NULL,1,NULL),(573,NULL,'12','2','13920.0',NULL,'Contado','10',NULL,1,NULL),(574,NULL,'13','3','13920.0',NULL,'Contado','11',NULL,1,NULL),(575,NULL,'2','1','3503.2',NULL,'Contado','12',NULL,1,NULL),(576,NULL,'3','2','3277.0',NULL,'Contado','13',NULL,1,NULL),(577,NULL,'4','3','4669.0',NULL,'Contado','14',NULL,1,NULL),(578,NULL,'5','4','5707.2',NULL,'Contado','15',NULL,1,NULL),(579,NULL,'6','1','8723.2',NULL,'Contado','16',NULL,1,NULL),(580,NULL,'7','2','11623.2',NULL,'Contado8','17',NULL,1,NULL),(581,NULL,'8','3','20909.0',NULL,'Contado','18',NULL,1,NULL),(582,NULL,'9','4','24389.0',NULL,'Contado','19',NULL,1,NULL),(583,NULL,'10','1','-4315.2',NULL,'Contado','20',NULL,1,NULL),(584,NULL,'20','2','4083.2',NULL,'Contado','21',NULL,1,NULL),(585,NULL,'19','3','5823.2',NULL,'Contado','22',NULL,1,NULL),(586,NULL,'18','4','6989.0',NULL,'Credito','23',NULL,1,NULL),(587,NULL,'17','1','10469.0',NULL,'Credito','24',NULL,1,NULL),(588,NULL,'1','2','14059.2',NULL,'Credito','25',NULL,1,NULL),(589,NULL,'2','3','20903.2',NULL,'Credito','26',NULL,1,NULL),(590,NULL,'3','4','24383.2',NULL,'Credito','27',NULL,1,NULL),(591,NULL,'4','1','4205.0',NULL,'Credito','28',NULL,1,NULL),(592,NULL,'5','2','4901.0',NULL,'Credito','29',NULL,1,NULL);
/*!40000 ALTER TABLE `facturas` ENABLE KEYS */;
UNLOCK TABLES;

--
-- Table structure for table `facturas_restaurante`
--

DROP TABLE IF EXISTS `facturas_restaurante`;
/*!40101 SET @saved_cs_client     = @@character_set_client */;
/*!40101 SET character_set_client = utf8 */;
CREATE TABLE `facturas_restaurante` (
  `id` bigint(20) unsigned NOT NULL AUTO_INCREMENT,
  `id_sistema` varchar(100) DEFAULT NULL,
  `id_cliente` varchar(100) DEFAULT NULL,
  `fecha_emision` varchar(100) DEFAULT NULL,
  `tipo_pago` varchar(100) DEFAULT NULL,
  `sistema` varchar(100) DEFAULT NULL,
  `error` tinyint(1) DEFAULT NULL,
  PRIMARY KEY (`id`),
  UNIQUE KEY `id` (`id`)
) ENGINE=InnoDB AUTO_INCREMENT=736 DEFAULT CHARSET=utf8;
/*!40101 SET character_set_client = @saved_cs_client */;

--
-- Dumping data for table `facturas_restaurante`
--

LOCK TABLES `facturas_restaurante` WRITE;
/*!40000 ALTER TABLE `facturas_restaurante` DISABLE KEYS */;
INSERT INTO `facturas_restaurante` VALUES (701,'1','1','2019-04-01 00:00:00','1','R',1),(702,'2','3','2019-04-01 00:00:00','1','R',1),(703,'3','5','2019-04-02 00:00:00','2','R',1),(704,'4','7','2019-04-03 00:00:00','1','R',1),(705,'5','4','2019-04-03 00:00:00','1','R',1),(706,'6','8','2019-04-03 00:00:00','2','R',1),(707,'7','6','2019-04-03 00:00:00','1','R',1),(708,'8','9','2019-04-03 00:00:00','1','R',1),(709,'9','2','2019-04-03 00:00:00','1','R',1),(710,'10','10','2019-04-03 00:00:00','1','R',1),(711,'11','11','2019-04-03 00:00:00','1','R',1),(712,'12','13','2019-04-03 00:00:00','1','R',1),(713,'13','15','2019-04-04 00:00:00','2','R',1),(714,'14','16','2019-04-04 00:00:00','1','R',1),(715,'15','8','2019-04-04 00:00:00','2','R',1),(716,'16','9','2019-04-04 00:00:00','1','R',1),(717,'17','18','2019-04-04 00:00:00','1','R',1),(718,'18','19','2019-04-04 00:00:00','1','R',1),(719,'19','21','2019-04-04 00:00:00','2','R',1),(720,'20','23','2019-04-05 00:00:00','2','R',1),(721,'21','24','2019-04-10 00:00:00','1','R',1),(722,'22','3','2019-04-10 00:00:00','1','R',1),(723,'23','4','2019-04-11 00:00:00','1','R',1),(724,'24','5','2019-04-12 00:00:00','1','R',1),(725,'25','27','2019-04-12 00:00:00','2','R',1),(726,'26','28','2019-04-13 00:00:00','1','R',1),(727,'27','30','2019-04-05 00:00:00','2','R',1),(728,'28','31','2019-04-05 00:00:00','2','R',1),(729,'29','29','2019-04-07 00:00:00','1','R',1),(730,'30','33','2019-04-08 00:00:00','1','R',1),(731,'31','45','2019-04-10 00:00:00','1','R',1),(732,'32','46','2019-04-10 00:00:00','1','R',1),(733,'33','47','2019-04-11 00:00:00','1','R',1),(734,'34','48','2019-04-12 00:00:00','1','R',1),(735,'35','49','2019-04-12 00:00:00','1','R',1);
/*!40000 ALTER TABLE `facturas_restaurante` ENABLE KEYS */;
UNLOCK TABLES;

--
-- Table structure for table `habitaciones`
--

DROP TABLE IF EXISTS `habitaciones`;
/*!40101 SET @saved_cs_client     = @@character_set_client */;
/*!40101 SET character_set_client = utf8 */;
CREATE TABLE `habitaciones` (
  `id` bigint(20) unsigned NOT NULL AUTO_INCREMENT,
  `tipo_habitacion` varchar(100) DEFAULT NULL,
  `estado` varchar(100) DEFAULT NULL,
  `error` tinyint(1) DEFAULT NULL,
  PRIMARY KEY (`id`),
  UNIQUE KEY `id` (`id`)
) ENGINE=InnoDB AUTO_INCREMENT=51 DEFAULT CHARSET=utf8;
/*!40101 SET character_set_client = @saved_cs_client */;

--
-- Dumping data for table `habitaciones`
--

LOCK TABLES `habitaciones` WRITE;
/*!40000 ALTER TABLE `habitaciones` DISABLE KEYS */;
INSERT INTO `habitaciones` VALUES (1,'1','Activa',NULL),(2,'2','Activa',NULL),(3,'3','Activa',NULL),(4,'4','Activa',NULL),(5,'5','Activa',NULL),(6,'6','Activa',NULL),(7,'7','Activa',NULL),(8,'8','Activa',NULL),(9,'1','Activa',NULL),(10,'2','Activa',NULL),(11,'3','Activa',NULL),(12,'4','Activa',NULL),(13,'5','Activa',NULL),(14,'6','Activa',NULL),(15,'7','Activa',NULL),(16,'8','Activa',NULL),(17,'1','Activa',NULL),(18,'2','Activa',NULL),(19,'3','Activa',NULL),(20,'4','Activa',NULL),(21,'5','Activa',NULL),(22,'6','Activa',NULL),(23,'7','Activa',NULL),(24,'8','Activa',NULL),(25,'1','Activa',NULL),(26,'2','Activa',NULL),(27,'3','Activa',NULL),(28,'4','Activa',NULL),(29,'5','Activa',NULL),(30,'6','Activa',NULL),(31,'7','Activa',NULL),(32,'8','Activa',NULL),(33,'1','Activa',NULL),(34,'2','Activa',NULL),(35,'3','Activa',NULL),(36,'4','Activa',NULL),(37,'5','Activa',NULL),(38,'6','Activa',NULL),(39,'7','Activa',NULL),(40,'8','Activa',NULL),(41,'1','Activa',NULL),(42,'2','Activa',NULL),(43,'3','Activa',NULL),(44,'4','Activa',NULL),(45,'5','Activa',NULL),(46,'6','Activa',NULL),(47,'7','Activa',NULL),(48,'8','Activa',NULL),(49,'1','Activa',NULL),(50,'2','Activa',NULL);
/*!40000 ALTER TABLE `habitaciones` ENABLE KEYS */;
UNLOCK TABLES;

--
-- Table structure for table `habitaciones_rentadas`
--

DROP TABLE IF EXISTS `habitaciones_rentadas`;
/*!40101 SET @saved_cs_client     = @@character_set_client */;
/*!40101 SET character_set_client = utf8 */;
CREATE TABLE `habitaciones_rentadas` (
  `id` bigint(20) unsigned NOT NULL AUTO_INCREMENT,
  `id_renta` varchar(100) DEFAULT NULL,
  `id_habitacion` varchar(100) DEFAULT NULL,
  `error` tinyint(1) DEFAULT NULL,
  PRIMARY KEY (`id`),
  UNIQUE KEY `id` (`id`)
) ENGINE=InnoDB AUTO_INCREMENT=55 DEFAULT CHARSET=utf8;
/*!40101 SET character_set_client = @saved_cs_client */;

--
-- Dumping data for table `habitaciones_rentadas`
--

LOCK TABLES `habitaciones_rentadas` WRITE;
/*!40000 ALTER TABLE `habitaciones_rentadas` DISABLE KEYS */;
INSERT INTO `habitaciones_rentadas` VALUES (1,'1','8',NULL),(2,'2','1',NULL),(3,'2','10',NULL),(4,'2','11',NULL),(5,'2','12',NULL),(6,'3','15',NULL),(7,'3','16',NULL),(8,'3','17',NULL),(9,'3','18',NULL),(10,'3','20',NULL),(11,'4','30',NULL),(12,'4','31',NULL),(13,'4','32',NULL),(14,'5','40',NULL),(15,'5','41',NULL),(16,'5','42',NULL),(17,'6','21',NULL),(18,'6','22',NULL),(19,'6','23',NULL),(20,'7','45',NULL),(21,'7','46',NULL),(22,'7','47',NULL),(23,'7','25',NULL),(24,'7','26',NULL),(25,'8','1',NULL),(26,'8','2',NULL),(27,'8','3',NULL),(28,'9','4',NULL),(29,'9','5',NULL),(30,'9','6',NULL),(31,'10','7',NULL),(32,'10','8',NULL),(33,'10','9',NULL),(34,'11','10',NULL),(35,'11','11',NULL),(36,'11','12',NULL),(37,'12','1',NULL),(38,'13','2',NULL),(39,'14','3',NULL),(40,'15','4',NULL),(41,'16','5',NULL),(42,'17','6',NULL),(43,'18','7',NULL),(44,'19','8',NULL),(45,'20','9',NULL),(46,'21','10',NULL),(47,'22','11',NULL),(48,'23','12',NULL),(49,'24','13',NULL),(50,'25','14',NULL),(51,'26','15',NULL),(52,'27','16',NULL),(53,'28','17',NULL),(54,'29','18',NULL);
/*!40000 ALTER TABLE `habitaciones_rentadas` ENABLE KEYS */;
UNLOCK TABLES;

--
-- Table structure for table `habitaciones_reservadas`
--

DROP TABLE IF EXISTS `habitaciones_reservadas`;
/*!40101 SET @saved_cs_client     = @@character_set_client */;
/*!40101 SET character_set_client = utf8 */;
CREATE TABLE `habitaciones_reservadas` (
  `id` bigint(20) unsigned NOT NULL AUTO_INCREMENT,
  `id_reservacion` varchar(100) DEFAULT NULL,
  `id_habitacion` varchar(100) DEFAULT NULL,
  `error` tinyint(1) DEFAULT NULL,
  PRIMARY KEY (`id`),
  UNIQUE KEY `id` (`id`)
) ENGINE=InnoDB AUTO_INCREMENT=659 DEFAULT CHARSET=utf8;
/*!40101 SET character_set_client = @saved_cs_client */;

--
-- Dumping data for table `habitaciones_reservadas`
--

LOCK TABLES `habitaciones_reservadas` WRITE;
/*!40000 ALTER TABLE `habitaciones_reservadas` DISABLE KEYS */;
INSERT INTO `habitaciones_reservadas` VALUES (565,'1','1',NULL),(566,'1','2',NULL),(567,'1','3',NULL),(568,'1','4',NULL),(569,'1','5',NULL),(570,'2','8',NULL),(571,'3','20',NULL),(572,'4','40',NULL),(573,'4','41',NULL),(574,'4','42',NULL),(575,'5','6',NULL),(576,'5','7',NULL),(577,'5','21',NULL),(578,'6','22',NULL),(579,'6','23',NULL),(580,'6','25',NULL),(581,'7','15',NULL),(582,'8','30',NULL),(583,'8','31',NULL),(584,'8','32',NULL),(585,'9','43',NULL),(586,'9','44',NULL),(587,'9','10',NULL),(588,'10','11',NULL),(589,'11','45',NULL),(590,'11','46',NULL),(591,'11','47',NULL),(592,'11','12',NULL),(593,'12','2',NULL),(594,'13','1',NULL),(595,'13','3',NULL),(596,'13','4',NULL),(597,'14','5',NULL),(598,'14','6',NULL),(599,'14','7',NULL),(600,'15','8',NULL),(601,'15','9',NULL),(602,'15','10',NULL),(603,'16','11',NULL),(604,'17','12',NULL),(605,'17','13',NULL),(606,'17','14',NULL),(607,'17','15',NULL),(608,'18','50',NULL),(609,'18','16',NULL),(610,'19','8',NULL),(611,'20','30',NULL),(612,'20','31',NULL),(613,'20','32',NULL),(614,'20','33',NULL),(615,'21','8',NULL),(616,'21','16',NULL),(617,'21','1',NULL),(618,'22','2',NULL),(619,'22','3',NULL),(620,'22','4',NULL),(621,'23','5',NULL),(622,'23','6',NULL),(623,'23','7',NULL),(624,'24','10',NULL),(625,'24','11',NULL),(626,'24','12',NULL),(627,'25','8',NULL),(628,'25','16',NULL),(629,'26','20',NULL),(630,'27','1',NULL),(631,'27','2',NULL),(632,'27','3',NULL),(633,'28','5',NULL),(634,'29','21',NULL),(635,'29','22',NULL),(636,'30','23',NULL),(637,'31','24',NULL),(638,'32','25',NULL),(639,'33','26',NULL),(640,'33','27',NULL),(641,'34','28',NULL),(642,'35','29',NULL),(643,'36','30',NULL),(644,'37','31',NULL),(645,'38','32',NULL),(646,'39','33',NULL),(647,'40','34',NULL),(648,'41','35',NULL),(649,'42','37',NULL),(650,'43','38',NULL),(651,'44','39',NULL),(652,'45','40',NULL),(653,'46','41',NULL),(654,'47','42',NULL),(655,'48','43',NULL),(656,'49','44',NULL),(657,'50','45',NULL),(658,'50','46',NULL);
/*!40000 ALTER TABLE `habitaciones_reservadas` ENABLE KEYS */;
UNLOCK TABLES;

--
-- Table structure for table `historico_servicios`
--

DROP TABLE IF EXISTS `historico_servicios`;
/*!40101 SET @saved_cs_client     = @@character_set_client */;
/*!40101 SET character_set_client = utf8 */;
CREATE TABLE `historico_servicios` (
  `id` bigint(20) unsigned NOT NULL AUTO_INCREMENT,
  `precio` varchar(100) DEFAULT NULL,
  `f_inicio` varchar(100) DEFAULT NULL,
  `f_termino` varchar(100) DEFAULT NULL,
  `id_servicio` varchar(100) DEFAULT NULL,
  `error` tinyint(1) DEFAULT NULL,
  PRIMARY KEY (`id`),
  UNIQUE KEY `id` (`id`)
) ENGINE=InnoDB AUTO_INCREMENT=7 DEFAULT CHARSET=utf8;
/*!40101 SET character_set_client = @saved_cs_client */;

--
-- Dumping data for table `historico_servicios`
--

LOCK TABLES `historico_servicios` WRITE;
/*!40000 ALTER TABLE `historico_servicios` DISABLE KEYS */;
INSERT INTO `historico_servicios` VALUES (1,'20.0','2017-12-30',NULL,'1',NULL),(2,'25.0','2017-12-30',NULL,'2',NULL),(3,'25.0','2017-12-30',NULL,'3',NULL),(4,'120.0','2017-12-30',NULL,'4',NULL),(5,'20.0','2017-12-30',NULL,'5',NULL),(6,'250.0','2017-12-30',NULL,'6',NULL);
/*!40000 ALTER TABLE `historico_servicios` ENABLE KEYS */;
UNLOCK TABLES;

--
-- Table structure for table `ingredientes`
--

DROP TABLE IF EXISTS `ingredientes`;
/*!40101 SET @saved_cs_client     = @@character_set_client */;
/*!40101 SET character_set_client = utf8 */;
CREATE TABLE `ingredientes` (
  `id` bigint(20) unsigned NOT NULL AUTO_INCREMENT,
  `nombre` varchar(100) DEFAULT NULL,
  `stock_minimo` varchar(100) DEFAULT NULL,
  `stock_maximo` varchar(100) DEFAULT NULL,
  `cantidad_stock` varchar(100) DEFAULT NULL,
  `id_tipo` varchar(100) DEFAULT NULL,
  `id_tipo_cantidad` varchar(100) DEFAULT NULL,
  `error` tinyint(1) DEFAULT NULL,
  PRIMARY KEY (`id`),
  UNIQUE KEY `id` (`id`)
) ENGINE=InnoDB AUTO_INCREMENT=61 DEFAULT CHARSET=utf8;
/*!40101 SET character_set_client = @saved_cs_client */;

--
-- Dumping data for table `ingredientes`
--

LOCK TABLES `ingredientes` WRITE;
/*!40000 ALTER TABLE `ingredientes` DISABLE KEYS */;
INSERT INTO `ingredientes` VALUES (1,'pina','5','20','10','2','1',NULL),(2,'ginebra','4','15','8','1','2',NULL),(3,'limon','4','10','5','2','1',NULL),(4,'hielo','5','15','9','1','2',NULL),(5,'ron blanco','5','20','10','1','2',NULL),(6,'aceitunas','5','10','7','2','2',NULL),(7,'salsa tabasco','5','15','8','2','2',NULL),(8,'sal','5','15','10','2','2',NULL),(9,'vodka','5','15','10','1','2',NULL),(10,'apio','3','8','4','2','1',NULL),(11,'agua mineral','5','15','9','1','2',NULL),(12,'coco rayado','3','10','5','2','2',NULL),(13,'chile en polvo','4','10','8','2','2',NULL),(14,'kahlua','5','15','10','1','2',NULL),(15,'tequila','5','15','10…….','1','2',NULL),(16,'azucar','4','10','7','2','2',NULL),(17,'yerbabuena','2','5','3','2','1',NULL),(18,'jitomate','4','15','9','2','1',NULL),(19,'cebolla','4','15','8','2','1',NULL),(20,'pimiento rojo','2','10','5','2','1',NULL),(21,'pimiento verde','2','10','4','2','1',NULL),(22,'queso semiseco','3','10','7','2','1',NULL),(23,'queso oaxaca','3','10','6','2','1',NULL),(24,'aceite de oliva','5','20','10','1','1',NULL),(25,'almendra','3','9','5','2','1',NULL),(26,'nuez','3','9','4','2','1',NULL),(27,'arroz','4','10','8','2','2',NULL),(28,'avena','4','10','7','2','2',NULL),(29,'totopos','3','7','4+++++','2','1',NULL),(30,'bolillo','10','50','30','2','1',NULL),(31,'pechuga de pollo','3','10','5','2','1',NULL),(32,'pan integral','5','15','9','2','1',NULL),(33,'huevo','5','15','10','2','1',NULL),(34,'leche','5','15','7','1','1',NULL),(35,'café','5','10','7','2','2',NULL),(36,'camaron','4','10','5','2','1',NULL),(37,'jamon','3','10','6','2','1',NULL),(38,'calabaza','4','10','5','2','1',NULL),(39,'soya','2','5','3','2','2',NULL),(40,'pan de hamburguesa','5','13','8','2','1',NULL),(41,'pasta','4','10','5','2','2',NULL),(42,'carne molida','2','10','5','2','1',NULL),(43,'filete de pescado','2','10','5','2','1',NULL),(44,'alitas de pollo','3','10','5','2','1',NULL),(45,'pan para hot dogs','5','15','7','2','1',NULL),(46,'salchicha','4','10','5','2','1',NULL),(47,'chocolate en polvo','3','10','5','2','2',NULL),(48,'helado de vainilla','3','8','5','2','2',NULL),(49,'helado de fresa','3','8','4','2','2',NULL),(50,'helado de chocolate','3','8','6','2','2',NULL),(51,'naranja','5','10','5','2','1',NULL),(52,'platano','5','10','7','2','1',NULL),(53,'fresa','5','10','8','2','1',NULL),(54,'crema','5','15','9','2','1',NULL),(55,'crema para postre','5','10','6','2','1',NULL),(56,'polvo para postre','4','8','5','2','1',NULL),(57,'galletas','5','20','10','2','1',NULL),(58,'polvo para gelatina','4','8','6','2','2',NULL),(59,'pimienta','3','10','7','2','2',NULL),(60,'ajos','3','10','5','2','1',NULL);
/*!40000 ALTER TABLE `ingredientes` ENABLE KEYS */;
UNLOCK TABLES;

--
-- Table structure for table `ingredientes_por_bebida`
--

DROP TABLE IF EXISTS `ingredientes_por_bebida`;
/*!40101 SET @saved_cs_client     = @@character_set_client */;
/*!40101 SET character_set_client = utf8 */;
CREATE TABLE `ingredientes_por_bebida` (
  `id` bigint(20) unsigned NOT NULL AUTO_INCREMENT,
  `id_bebida` varchar(100) DEFAULT NULL,
  `id_producto` varchar(100) DEFAULT NULL,
  `id_tipo_medida` varchar(100) DEFAULT NULL,
  `cantidad` varchar(100) DEFAULT NULL,
  `error` tinyint(1) DEFAULT NULL,
  PRIMARY KEY (`id`),
  UNIQUE KEY `id` (`id`)
) ENGINE=InnoDB AUTO_INCREMENT=31 DEFAULT CHARSET=utf8;
/*!40101 SET character_set_client = @saved_cs_client */;

--
-- Dumping data for table `ingredientes_por_bebida`
--

LOCK TABLES `ingredientes_por_bebida` WRITE;
/*!40000 ALTER TABLE `ingredientes_por_bebida` DISABLE KEYS */;
INSERT INTO `ingredientes_por_bebida` VALUES (1,'1','1','1','100',NULL),(2,'1','2','5','200',NULL),(3,'2','5','5','200',NULL),(4,'2','6','1','100',NULL),(5,'3','9','5','200',NULL),(6,'3','3','4','1',NULL),(7,'3','4','4','3',NULL),(8,'2','4','4','3',NULL),(9,'1','4','4','3',NULL),(10,'4','4','4','3',NULL),(11,'4','9','5','200',NULL),(12,'4','17','1','5',NULL),(13,'5','9','5','200',NULL),(14,'5','4','4','3',NULL),(15,'6','9','5','200',NULL),(16,'6','13','3','2',NULL),(17,'7','15','5','200',NULL),(18,'7','16','3','2',NULL),(19,'8','9','5','200',NULL),(20,'8','11','5','100',NULL),(21,'9','9','5','200',NULL),(22,'9','14','5','50',NULL),(23,'10','5','5','100',NULL),(24,'10','15','5','100',NULL),(25,'11','15','5','200',NULL),(26,'11','13','3','2',NULL),(27,'12','5','5','100',NULL),(28,'12','9','5','100',NULL),(29,'10','4','4','3',NULL),(30,'11','4','4','3',NULL);
/*!40000 ALTER TABLE `ingredientes_por_bebida` ENABLE KEYS */;
UNLOCK TABLES;

--
-- Table structure for table `ingredientes_por_platillo`
--

DROP TABLE IF EXISTS `ingredientes_por_platillo`;
/*!40101 SET @saved_cs_client     = @@character_set_client */;
/*!40101 SET character_set_client = utf8 */;
CREATE TABLE `ingredientes_por_platillo` (
  `id` bigint(20) unsigned NOT NULL AUTO_INCREMENT,
  `id_platillo` varchar(100) DEFAULT NULL,
  `id_producto` varchar(100) DEFAULT NULL,
  `id_tipo_medida` varchar(100) DEFAULT NULL,
  `cantidad` varchar(100) DEFAULT NULL,
  `error` tinyint(1) DEFAULT NULL,
  PRIMARY KEY (`id`),
  UNIQUE KEY `id` (`id`)
) ENGINE=InnoDB AUTO_INCREMENT=281 DEFAULT CHARSET=utf8;
/*!40101 SET character_set_client = @saved_cs_client */;

--
-- Dumping data for table `ingredientes_por_platillo`
--

LOCK TABLES `ingredientes_por_platillo` WRITE;
/*!40000 ALTER TABLE `ingredientes_por_platillo` DISABLE KEYS */;
INSERT INTO `ingredientes_por_platillo` VALUES (241,'11','42',NULL,'150',NULL),(242,'12','42',NULL,'100',NULL),(243,'13','26',NULL,'50',NULL),(244,'14','30',NULL,'1',NULL),(245,'15','36',NULL,'200',NULL),(246,'16','43',NULL,'200',NULL),(247,'17','27',NULL,'300',NULL),(248,'18','44',NULL,'10',NULL),(249,'19','45',NULL,'3',NULL),(250,'20','56',NULL,'3',NULL),(251,'21','48',NULL,'5',NULL),(252,'22','51',NULL,'2',NULL),(253,'23','47',NULL,'4',NULL),(254,'24','56',NULL,'3',NULL),(255,'29','53',NULL,'5',NULL),(256,'30','58',NULL,'3',NULL),(257,'1','1',NULL,'100',NULL),(258,'1','18',NULL,'1',NULL),(259,'1','19',NULL,'1',NULL),(260,'1','20',NULL,'1',NULL),(261,'1','21',NULL,'1',NULL),(262,'1','23',NULL,'50',NULL),(263,'1','24',NULL,'2',NULL),(264,'2','3',NULL,'1',NULL),(265,'2','8',NULL,'1',NULL),(266,'2','20',NULL,'1',NULL),(267,'2','21',NULL,'1',NULL),(268,'2','24',NULL,'1',NULL),(269,'2','31',NULL,'250',NULL),(270,'2','27',NULL,'100',NULL),(271,'3','8',NULL,'1',NULL),(272,'3','10',NULL,'1',NULL),(273,'3','19',NULL,'1',NULL),(274,'4','32',NULL,'2',NULL),(275,'5','40',NULL,'2',NULL),(276,'6','20',NULL,'1',NULL),(277,'7','54',NULL,'5',NULL),(278,'8','42',NULL,'150',NULL),(279,'9','33',NULL,'3',NULL),(280,'10','29',NULL,'200',NULL);
/*!40000 ALTER TABLE `ingredientes_por_platillo` ENABLE KEYS */;
UNLOCK TABLES;

--
-- Table structure for table `ingredientes_por_proveedor`
--

DROP TABLE IF EXISTS `ingredientes_por_proveedor`;
/*!40101 SET @saved_cs_client     = @@character_set_client */;
/*!40101 SET character_set_client = utf8 */;
CREATE TABLE `ingredientes_por_proveedor` (
  `id` bigint(20) unsigned NOT NULL AUTO_INCREMENT,
  `id_proveedor` varchar(100) DEFAULT NULL,
  `id_ingrediente` varchar(100) DEFAULT NULL,
  `precio` varchar(100) DEFAULT NULL,
  `error` tinyint(1) DEFAULT NULL,
  PRIMARY KEY (`id`),
  UNIQUE KEY `id` (`id`)
) ENGINE=InnoDB AUTO_INCREMENT=61 DEFAULT CHARSET=utf8;
/*!40101 SET character_set_client = @saved_cs_client */;

--
-- Dumping data for table `ingredientes_por_proveedor`
--

LOCK TABLES `ingredientes_por_proveedor` WRITE;
/*!40000 ALTER TABLE `ingredientes_por_proveedor` DISABLE KEYS */;
INSERT INTO `ingredientes_por_proveedor` VALUES (1,'1','1','5.0000',NULL),(2,'2','2','100.0000',NULL),(3,'1','3','5.0000',NULL),(4,'2','4','12.0000',NULL),(5,'1','5','100.0000',NULL),(6,'2','6','10.0000',NULL),(7,'11','7','15.0000',NULL),(8,'12','8','3.0000',NULL),(9,'11','9','100.0000',NULL),(10,'11','10','5.0000',NULL),(11,'11','11','15.0000',NULL),(12,'12','12','10.0000',NULL),(13,'11','13','10.0000',NULL),(14,'1','14','20.0000',NULL),(15,'2','15','100.0000',NULL),(16,'1','16','5.0000',NULL),(17,'2','17','3.0000',NULL),(18,'1','18','10.0000',NULL),(19,'2','19','9.0000',NULL),(20,'1','20','8.0000',NULL),(21,'11','21','8.0000',NULL),(22,'2','22','15.0000',NULL),(23,'1','23','20.0000',NULL),(24,'1','24','25.0000',NULL),(25,'1','25','20.0000',NULL),(26,'1','26','20.0000',NULL),(27,'1','27','7.0000',NULL),(28,'2','28','6.0000',NULL),(29,'2','29','15.0000',NULL),(30,'1','30','8.0000',NULL),(31,'2','31','30.0000',NULL),(32,'1','32','27.0000',NULL),(33,'1','33','26.0000',NULL),(34,'2','34','12.0000',NULL),(35,'1','35','10.0000',NULL),(36,'1','36','30.0000',NULL),(37,'1','37','20.0000',NULL),(38,'1','38','8.0000',NULL),(39,'1','39','5.0000',NULL),(40,'2','40','30.0000',NULL),(41,'1','41','5.0000',NULL),(42,'2','42','30.0000',NULL),(43,'2','43','40.0000',NULL),(44,'2','44','30.0000',NULL),(45,'2','45','30.0000',NULL),(46,'2','46','20.0000',NULL),(47,'2','47','10.0000',NULL),(48,'2','48','20.0000',NULL),(49,'1','49','20.0000',NULL),(50,'2','50','20.0000',NULL),(51,'1','51','10.0000',NULL),(52,'1','52','10.0000',NULL),(53,'1','53','15.0000',NULL),(54,'1','54','20.0000',NULL),(55,'1','55','20.0000',NULL),(56,'1','56','15.0000',NULL),(57,'1','57','9.0000',NULL),(58,'1','58','5.0000',NULL),(59,'1','59','10.0000',NULL),(60,'1','60','5.0000',NULL);
/*!40000 ALTER TABLE `ingredientes_por_proveedor` ENABLE KEYS */;
UNLOCK TABLES;

--
-- Table structure for table `mantenimientos_por_equipo`
--

DROP TABLE IF EXISTS `mantenimientos_por_equipo`;
/*!40101 SET @saved_cs_client     = @@character_set_client */;
/*!40101 SET character_set_client = utf8 */;
CREATE TABLE `mantenimientos_por_equipo` (
  `id` bigint(20) unsigned NOT NULL AUTO_INCREMENT,
  `id_sistema` varchar(100) DEFAULT NULL,
  `f_inicio` varchar(100) DEFAULT NULL,
  `f_termino` varchar(100) DEFAULT NULL,
  `id_equipo` varchar(100) DEFAULT NULL,
  `sistema` varchar(100) DEFAULT NULL,
  `tipo_mantenimiento` varchar(100) DEFAULT NULL,
  `id_empleado` varchar(100) DEFAULT NULL,
  `estado` varchar(100) DEFAULT NULL,
  `error` tinyint(1) DEFAULT NULL,
  PRIMARY KEY (`id`),
  UNIQUE KEY `id` (`id`)
) ENGINE=InnoDB AUTO_INCREMENT=1076 DEFAULT CHARSET=utf8;
/*!40101 SET character_set_client = @saved_cs_client */;

--
-- Dumping data for table `mantenimientos_por_equipo`
--

LOCK TABLES `mantenimientos_por_equipo` WRITE;
/*!40000 ALTER TABLE `mantenimientos_por_equipo` DISABLE KEYS */;
INSERT INTO `mantenimientos_por_equipo` VALUES (1016,'1','2017-01-01','2017-01-05','10','H','1','1',NULL,1),(1017,'2','2017-01-01','2017-01-05','23','H','2','2',NULL,1),(1018,'3','2017-01-01','2017-01-05','24','H','1','4',NULL,1),(1019,'4','2017-01-01','2017-01-05','30','H','2','3',NULL,1),(1020,'5','2017-01-01','2017-01-05','10','H','1','1',NULL,1),(1021,'6','2017-01-01','2017-01-05','23','H','2','2',NULL,1),(1022,'7','2017-01-01','2017-01-05','24','H','1','2',NULL,1),(1023,'8','2017-01-01','2017-01-05','30','H','2','1',NULL,1),(1024,'9','2017-02-05','2017-02-07','1','H','1','4',NULL,1),(1025,'10','2017-02-05','2017-02-07','4','H','2','2',NULL,1),(1026,'11','2017-02-05','2017-02-07','11','H','1','3',NULL,1),(1027,'12','2017-02-05','2017-02-07','12','H','2','1',NULL,1),(1028,'13','2017-02-05','2017-02-07','16','H','1','2',NULL,1),(1029,'14','2017-02-05','2017-02-07','20','H','2','1',NULL,1),(1030,'15','2017-02-05','2017-02-07','25','H','1','4',NULL,1),(1031,'16','2017-02-05','2017-02-07','26','H','2','1',NULL,1),(1032,'17','2017-02-05','2017-02-07','31','H','1','2',NULL,1),(1033,'18','2017-02-05','2017-02-07','32','H','2','1',NULL,1),(1034,'19','2017-03-01','2017-03-03','1','H','1','4',NULL,1),(1035,'20','2017-03-01','2017-03-03','4','H','2','2',NULL,1),(1036,'21','2017-03-01','2017-03-03','11','H','1','1',NULL,1),(1037,'22','2017-03-01','2017-03-03','12','H','1','2',NULL,1),(1038,'23','2017-03-01','2017-03-03','16','H','2','1',NULL,1),(1039,'24','2017-03-01','2017-03-03','20','H','1','2',NULL,1),(1040,'25','2017-03-01','2017-03-03','25','H','2','4',NULL,1),(1041,'1','2019-04-15','2019-04-19','1','RR','Preventivo',NULL,'Programado',1),(1042,'2','2020-04-15','2020-04-19','4','RR','Preventivo',NULL,'Programado',1),(1043,'3','2021-04-15','2021-04-19','6','RR','Preventivo',NULL,'Programado',1),(1044,'4','2022-04-15','2022-04-19','3','RR','Preventivo',NULL,'Programado',1),(1045,'5','2023-04-15','2023-04-19','11','RR','Preventivo',NULL,'Programado',1),(1046,NULL,'2019-04-12 00:00:00',NULL,'1','R','1',NULL,NULL,1),(1047,NULL,'2019-04-13 00:00:00',NULL,'6','R','2',NULL,NULL,1),(1048,NULL,'2019-04-12 00:00:00',NULL,'8','R','1',NULL,NULL,1),(1049,NULL,'2019-04-12 00:00:00',NULL,'12','R','2',NULL,NULL,1),(1050,NULL,'2019-04-13 00:00:00',NULL,'14','R','1',NULL,NULL,1),(1051,NULL,'2019-04-14 00:00:00',NULL,'21','R','1',NULL,NULL,1),(1052,NULL,'2019-04-28 00:00:00',NULL,'25','R','1',NULL,NULL,1),(1053,NULL,'2019-04-28 00:00:00',NULL,'32','R','2',NULL,NULL,1),(1054,NULL,'2019-04-30 00:00:00',NULL,'32','R','2',NULL,NULL,1),(1055,NULL,'2019-04-30 00:00:00',NULL,'18','R','2',NULL,NULL,1),(1056,NULL,'2019-05-01 00:00:00',NULL,'18','R','2',NULL,NULL,1),(1057,NULL,'2019-05-02 00:00:00',NULL,'2','R','1',NULL,NULL,1),(1058,NULL,'2019-05-02 00:00:00',NULL,'3','R','2',NULL,NULL,1),(1059,NULL,'2019-05-04 00:00:00',NULL,'4','R','1',NULL,NULL,1),(1060,NULL,'2019-05-04 00:00:00',NULL,'1','R','2',NULL,NULL,1),(1061,NULL,'2019-05-02 00:00:00',NULL,'7','R','1',NULL,NULL,1),(1062,NULL,'2019-05-05 00:00:00',NULL,'11','R','1',NULL,NULL,1),(1063,NULL,'2019-05-07 00:00:00',NULL,'11','R','1',NULL,NULL,1),(1064,NULL,'2019-05-11 00:00:00',NULL,'2','R','2',NULL,NULL,1),(1065,NULL,'2019-05-17 00:00:00',NULL,'4','R','2',NULL,NULL,1),(1066,NULL,'2019-06-20 00:00:00',NULL,'6','R','2',NULL,NULL,1),(1067,NULL,'2019-06-21 00:00:00',NULL,'6','R','2',NULL,NULL,1),(1068,NULL,'2019-06-23 00:00:00',NULL,'12','R','2',NULL,NULL,1),(1069,NULL,'2019-06-27 00:00:00',NULL,'18','R','2',NULL,NULL,1),(1070,NULL,'2019-06-29 00:00:00',NULL,'18','R','2',NULL,NULL,1),(1071,NULL,'2019-07-04 00:00:00',NULL,'21','R','2',NULL,NULL,1),(1072,NULL,'2019-07-07 00:00:00',NULL,'21','R','2',NULL,NULL,1),(1073,NULL,'2019-07-13 00:00:00',NULL,'22','R','2',NULL,NULL,1),(1074,NULL,'2019-07-14 00:00:00',NULL,'22','R','2',NULL,NULL,1),(1075,NULL,'2019-07-20 00:00:00',NULL,'8','R','2',NULL,NULL,1);
/*!40000 ALTER TABLE `mantenimientos_por_equipo` ENABLE KEYS */;
UNLOCK TABLES;

--
-- Table structure for table `mantenimientos_por_habitacion`
--

DROP TABLE IF EXISTS `mantenimientos_por_habitacion`;
/*!40101 SET @saved_cs_client     = @@character_set_client */;
/*!40101 SET character_set_client = utf8 */;
CREATE TABLE `mantenimientos_por_habitacion` (
  `id` bigint(20) unsigned NOT NULL AUTO_INCREMENT,
  `tipo` varchar(100) DEFAULT NULL,
  `error` tinyint(1) DEFAULT NULL,
  PRIMARY KEY (`id`),
  UNIQUE KEY `id` (`id`)
) ENGINE=InnoDB AUTO_INCREMENT=3 DEFAULT CHARSET=utf8;
/*!40101 SET character_set_client = @saved_cs_client */;

--
-- Dumping data for table `mantenimientos_por_habitacion`
--

LOCK TABLES `mantenimientos_por_habitacion` WRITE;
/*!40000 ALTER TABLE `mantenimientos_por_habitacion` DISABLE KEYS */;
INSERT INTO `mantenimientos_por_habitacion` VALUES (1,'Preventivo',NULL),(2,'Correctivo',NULL);
/*!40000 ALTER TABLE `mantenimientos_por_habitacion` ENABLE KEYS */;
UNLOCK TABLES;

--
-- Table structure for table `materiales`
--

DROP TABLE IF EXISTS `materiales`;
/*!40101 SET @saved_cs_client     = @@character_set_client */;
/*!40101 SET character_set_client = utf8 */;
CREATE TABLE `materiales` (
  `id` bigint(20) unsigned NOT NULL AUTO_INCREMENT,
  `id_sistema` varchar(100) DEFAULT NULL,
  `sistema` varchar(100) DEFAULT NULL,
  `nombre` varchar(100) DEFAULT NULL,
  `stock_max` varchar(100) DEFAULT NULL,
  `stock_min` varchar(100) DEFAULT NULL,
  `cantidad_stock` varchar(100) DEFAULT NULL,
  `error` tinyint(1) DEFAULT NULL,
  PRIMARY KEY (`id`),
  UNIQUE KEY `id` (`id`)
) ENGINE=InnoDB AUTO_INCREMENT=2815 DEFAULT CHARSET=utf8;
/*!40101 SET character_set_client = @saved_cs_client */;

--
-- Dumping data for table `materiales`
--

LOCK TABLES `materiales` WRITE;
/*!40000 ALTER TABLE `materiales` DISABLE KEYS */;
INSERT INTO `materiales` VALUES (2681,'1','H','Jabon para Manos','700','100','-500',NULL),(2682,'2','H','Toalla Chicas','100','50','100',NULL),(2683,'3','H','Toallas','300','50','-200',NULL),(2684,'4','H','Shampoo 100 ML','100','50','100',NULL),(2685,'5','H','Dispensadores','100','50','100',NULL),(2686,'6','H','Jabon en Polvo 6 KG','-20','5','10',NULL),(2687,'7','H','Suavizante 20 L','8','1','3',NULL),(2688,'8','H','Escoba Angular','10','3','5',NULL),(2689,'9','H','Trapeador','10','3','3',NULL),(2690,'10','H','Recogedor','10','3','4',NULL),(2691,'11','H','Ventilador de techo','5','-1','2',NULL),(2692,'12','H','Papel Higienico pkt 32 pz','30','10','20',NULL),(2693,'13','H','Botella de agua 600 mil pkt 24','100','50','40',NULL),(2694,'14','H','Guantes de goma ','20','5','20',NULL),(2695,'15','H','Bolsas de basura pkt 100 pz','10','5','-10',NULL),(2696,'16','H','Color 10 L','100','50','100',NULL),(2697,'17','H','Fabuloso 10 L','100','50','100',NULL),(2698,'18','H','Pinol 10 L','100','50','100',NULL),(2699,'19','H','Sabana matrimonial','50','30','50',NULL),(2700,'20','H','Sabana king','50','30','50',NULL),(2701,'21','H','Fundas','100','50','-100',NULL),(2702,'22','H','Pie de cama matrimonial','50','30','50',NULL),(2703,'23','H','Pie de cama king','50','30','50',NULL),(2704,'24','H','Cobertor matrimonial','50','-30','50',NULL),(2705,'25','H','Cobertor king','50','30','50',NULL),(2706,'26','H','Cubre colchon matrimonial','50','30','50',NULL),(2707,'27','H','Cubre colchon king','50','30','50',NULL),(2708,'28','H','Sabana individual','50','30','-50',NULL),(2709,'29','H','Pie de cama individual','50','30','50',NULL),(2710,'30','H','Cobertor individual','50','30','50',NULL),(2711,'31','H','Cubre colchon individual','50','-30','50',NULL),(2712,'1','RR','Jabón líquido','10','6','7',NULL),(2713,'2','RR','Cobertor king','14','10','12',NULL),(2714,'3','RR','Cubre colchon matrimonial','14','10','11',NULL),(2715,'4','RR','Escoba','15','14','16',NULL),(2716,'5','RR','Recogedor','18','12','15',NULL),(2717,'6','RR','Trapo','0','12','12',NULL),(2718,'7','RR','Jabon para manos','10','8','9',NULL),(2719,'8','RR','detergente','11','10','11',NULL),(2720,'9','RR','Toalla en rollo','14','12','13',NULL),(2721,'10','RR','Cubre colchon king','13','10','12',NULL),(2722,'11','RR','Sabana individual','1','10','14',NULL),(2723,'12','RR','Jabón barra','10','6','7',NULL),(2724,'13','RR','Shampoo','10','6','7',NULL),(2725,'14','RR','Trapeador','20','10','14',NULL),(2726,'15','RR','Maceta planta','5','2','4',NULL),(2727,'16','RR','Hojas carta','5','3','5',NULL),(2728,'17','RR','Toallas','15','10','10',NULL),(2729,'18','RR','Dispensadores','25','20','22',NULL),(2730,'19','RR','Jabón en Polvo 6 KG','14','12','11',NULL),(2731,'20','RR','Tinta negra','10','4','7',NULL),(2732,'21','RR','Tinta colores','8','3','5',NULL),(2733,'22','RR','Toalla Chicas','15','10','13',NULL),(2734,'23','RR','vaso termico','14','12','12',NULL),(2735,'24','RR','Tapete antisalpicadura','45','32','42',NULL),(2736,'25','RR','Limpia vidrios','15','12','14',NULL),(2737,'26','RR','Limpia baños','16','15','10',NULL),(2738,'27','RR','Clorox','14','12','14',NULL),(2739,'28','RR','Aeromatizante aerosol','13','11','12',NULL),(2740,'29','RR','Suavizante 20 L','15','10','14',NULL),(2741,'30','RR','Escoba Angular','15','10','13',NULL),(2742,'31','RR','Ventilador de techo','3','1','1',NULL),(2743,'32','RR','Papel Higienico pkt 32 pz','23','15','90',NULL),(2744,'33','RR','Botella de agua 600 mil pkt 24','40','30',NULL,1),(2745,'34','RR','Lapiceras','10','4','8',NULL),(2746,'35','RR','Borradores','5','2','3',NULL),(2747,'36','RR','Marcadores','5','3','4',NULL),(2748,'37','RR','Aceite corporal','10','4','6',NULL),(2749,'38','RR','Aflojatodo WD-40','6','3','4',NULL),(2750,'39','RR','Pastilla sanitaria','13','12','12',NULL),(2751,'40','RR','cucharas','16','14','13',NULL),(2752,'41','RR','guantes','13','12','12',NULL),(2753,'42','RR','Fibra para lavar','15','12','12',NULL),(2754,'43','RR','servilletas','12','5','9',NULL),(2755,'44','RR','Tenedores','10','4','7',NULL),(2756,'45','RR','Papel higienico','30','10','16',NULL),(2757,'46','RR','Detergente industrial ','10','4','8',NULL),(2758,'47','RR','Guantes de goma ','12','10','11',NULL),(2759,'48','RR','Bolsas de basura pkt 100 pz','3','1','2',NULL),(2760,'49','RR','Color 10 L','12','10','11',NULL),(2761,'50','RR','Malla para cabello','21','-21','17',NULL),(2762,'51','RR','cubreboca','15','14','14',NULL),(2763,'52','RR','Vaso de plastico','17','16','14',NULL),(2764,'53','RR','Rollo vitafilm','22','21','17',NULL),(2765,'54','RR','Contenedor termico','21','18','18',NULL),(2766,'55','RR','Fabuloso 10 L','12','10','11',NULL),(2767,'56','RR','Pinol 10 L','13','10','12',NULL),(2768,'57','RR','Extensiones eléctricas','5','2','3',NULL),(2769,'58','RR','Puerta','3','1','3',NULL),(2770,'59','RR','Chapa electrónica','10','4','6',NULL),(2771,'60','RR','Tapete entrada','10','4','8',NULL),(2772,'61','RR','Tapete ducha','10','4','8',NULL),(2773,'62','RR','Perica','5','2','4',NULL),(2774,'63','RR','Sabana matrimonial','34','30','23',NULL),(2775,'64','RR','Sabana king','35','30','32',NULL),(2776,'65','RR','Fundas','34','30','32',NULL),(2777,'66','RR','Pie de cama matrimonial','36','30','30',NULL),(2778,'67','RR','Pie de cama king','36','30','29',NULL),(2779,'68','RR','Cobertor matrimonial','13','10','4',NULL),(2780,'69','RR','Pie de cama individual','15','10','13',NULL),(2781,'70','RR','Cobertor individual','2','10','10',NULL),(2782,'71','RR','Cubre colchon individual',NULL,'10',NULL,1),(2783,'72','RR','Limpiador multiusos','14','13','13',NULL),(2784,'73','RR','Bolsas para basura','15','12','13',NULL),(2785,'74','RR','Acido muriatico','16','11','11',NULL),(2786,'75','RR','charola','25','19','21',NULL),(2787,'1','R','trapeador55','10','3','8',NULL),(2788,'2','R','escoba','10','3','8',NULL),(2789,'3','R','recojedor','10','3','8',NULL),(2790,'4','R','trapo','15','5DDD','10',NULL),(2791,'5','R','jabon para manos','20','5','15',NULL),(2792,'6','R','detergente','10','5','7',NULL),(2793,'7','R','toalla en rollo','20TTT','5','9',NULL),(2794,'8','R','papel higienico','20','5','15',NULL),(2795,'9','R','limpiador multiusos','15','5','10',NULL),(2796,'10','R','pastilla sanitaria','20','5','10',NULL),(2797,'11','R','vaso termico','30','10','20',NULL),(2798,'12','R','tapete antisalpicadura','10','5','7',NULL),(2799,'13','R','limpia vidrios','10','3','8',NULL),(2800,'14','R','limpia baños--','10','5','7',NULL),(2801,'15','R','clorox','10','5','6WW',NULL),(2802,'16','R','aromatizante aerosol','15','5','9',NULL),(2803,'17','R','cucharas','100','30','80',NULL),(2804,'18','R','guantes','15','5','10',NULL),(2805,'19','R','fibra para lavar','15','5H','10',NULL),(2806,'20','R','servilletas55','20','5','10',NULL),(2807,'21','R','bolsa para basura','20','5','15',NULL),(2808,'22','R','malla para cabello','30','10','20',NULL),(2809,'23','R','cubreboca','50','10','40',NULL),(2810,'24','R','vaso de plastico','20','10','15',NULL),(2811,'25','R','rollo vitafilm','10','5','5',NULL),(2812,'26','R','contenedor termico','20FF','10','15',NULL),(2813,'27','R','acido muriatico','5','3…','4',NULL),(2814,'28','R','charola','20','10','15..',NULL);
/*!40000 ALTER TABLE `materiales` ENABLE KEYS */;
UNLOCK TABLES;

--
-- Table structure for table `materiales_por_habitacion`
--

DROP TABLE IF EXISTS `materiales_por_habitacion`;
/*!40101 SET @saved_cs_client     = @@character_set_client */;
/*!40101 SET character_set_client = utf8 */;
CREATE TABLE `materiales_por_habitacion` (
  `id` bigint(20) unsigned NOT NULL AUTO_INCREMENT,
  `id_servicio_limpieza` varchar(100) DEFAULT NULL,
  `id_material_por_recibo` varchar(100) DEFAULT NULL,
  `cantidad` varchar(100) DEFAULT NULL,
  `error` tinyint(1) DEFAULT NULL,
  PRIMARY KEY (`id`),
  UNIQUE KEY `id` (`id`)
) ENGINE=InnoDB AUTO_INCREMENT=793 DEFAULT CHARSET=utf8;
/*!40101 SET character_set_client = @saved_cs_client */;

--
-- Dumping data for table `materiales_por_habitacion`
--

LOCK TABLES `materiales_por_habitacion` WRITE;
/*!40000 ALTER TABLE `materiales_por_habitacion` DISABLE KEYS */;
INSERT INTO `materiales_por_habitacion` VALUES (721,'1','16','500',NULL),(722,'1','17','500',NULL),(723,'1','18','500',NULL),(724,'2','16','500',NULL),(725,'2','7','500',NULL),(726,'2','6','200',NULL),(727,'3','18','500',NULL),(728,'3','16','500',NULL),(729,'4','16','500',NULL),(730,'4','17','500',NULL),(731,'4','18','500',NULL),(732,'5','16','500',NULL),(733,'5','7','500',NULL),(734,'5','6','200',NULL),(735,'6','18','500',NULL),(736,'6','16','500',NULL),(737,'7','16','500',NULL),(738,'7','17','500',NULL),(739,'7','18','500',NULL),(740,'8','16','500',NULL),(741,'8','7','500',NULL),(742,'8','6','200',NULL),(743,'9','18','500',NULL),(744,'9','16','500',NULL),(745,'10','16','500',NULL),(746,'10','17','500',NULL),(747,'10','18','500',NULL),(748,'11','16','500',NULL),(749,'11','7','500',NULL),(750,'11','6','200',NULL),(751,'12','18','500',NULL),(752,'12','16','500',NULL),(753,'13','16','500',NULL),(754,'13','17','500',NULL),(755,'13','18','500',NULL),(756,'14','16','500',NULL),(757,'14','7','500',NULL),(758,'14','6','200',NULL),(759,'15','18','500',NULL),(760,'15','16','500',NULL),(761,'16','16','500',NULL),(762,'16','17','500',NULL),(763,'16','18','500',NULL),(764,'17','16','500',NULL),(765,'17','7','500',NULL),(766,'17','6','200',NULL),(767,'18','18','500',NULL),(768,'18','16','500',NULL),(769,'19','16','500',NULL),(770,'19','17','500',NULL),(771,'19','18','500',NULL),(772,'20','16','500',NULL),(773,'20','7','500',NULL),(774,'20','6','200',NULL),(775,'21','18','500',NULL),(776,'21','16','500',NULL),(777,'22','16','500',NULL),(778,'22','17','500',NULL),(779,'22','18','500',NULL),(780,'23','16','500',NULL),(781,'23','7','500',NULL),(782,'23','6','200',NULL),(783,'24','18','500',NULL),(784,'24','16','500',NULL),(785,'25','16','500',NULL),(786,'25','17','500',NULL),(787,'25','18','500',NULL),(788,'26','16','500',NULL),(789,'26','7','500',NULL),(790,'26','6','200',NULL),(791,'27','18','500',NULL),(792,'27','16','500',NULL);
/*!40000 ALTER TABLE `materiales_por_habitacion` ENABLE KEYS */;
UNLOCK TABLES;

--
-- Table structure for table `materiales_por_pedido`
--

DROP TABLE IF EXISTS `materiales_por_pedido`;
/*!40101 SET @saved_cs_client     = @@character_set_client */;
/*!40101 SET character_set_client = utf8 */;
CREATE TABLE `materiales_por_pedido` (
  `id` bigint(20) unsigned NOT NULL AUTO_INCREMENT,
  `id_sistema` varchar(100) DEFAULT NULL,
  `id_material` varchar(100) DEFAULT NULL,
  `sistema` varchar(100) DEFAULT NULL,
  `cantidad` varchar(100) DEFAULT NULL,
  `id_pedido` varchar(100) DEFAULT NULL,
  `error` tinyint(1) DEFAULT NULL,
  PRIMARY KEY (`id`),
  UNIQUE KEY `id` (`id`)
) ENGINE=InnoDB AUTO_INCREMENT=2051 DEFAULT CHARSET=utf8;
/*!40101 SET character_set_client = @saved_cs_client */;

--
-- Dumping data for table `materiales_por_pedido`
--

LOCK TABLES `materiales_por_pedido` WRITE;
/*!40000 ALTER TABLE `materiales_por_pedido` DISABLE KEYS */;
INSERT INTO `materiales_por_pedido` VALUES (1906,'1','1','RR','20','25',NULL),(1907,'2','1','RR','2','32',NULL),(1908,'3','2','RR','5','5',NULL),(1909,'4','2','RR','20','20',NULL),(1910,'5','3','RR','50','7',NULL),(1911,'6','3','RR','50','18',NULL),(1912,'7','4','RR','5','21',NULL),(1913,'8','4','RR','5','33',NULL),(1914,'9','5','RR','50','13',NULL),(1915,'10','5','RR','5','14',NULL),(1916,'11','6','RR','5','35',NULL),(1917,'12','6','RR','50','7',NULL),(1918,'13','7','RR','5','21',NULL),(1919,'14','7','RR','3','32',NULL),(1920,'15','8','RR','20','13',NULL),(1921,'16','8','RR','3','33',NULL),(1922,'17','9','RR','10','20',NULL),(1923,'18','9','RR','2','35',NULL),(1924,'19','10','RR','1','37',NULL),(1925,'20','10','RR','10','25',NULL),(1926,'21','11','RR','3','37',NULL),(1927,'22','11','RR','15','13',NULL),(1928,'23','12','RR','2','33',NULL),(1929,'24','12','RR','20','38',NULL),(1930,'25','13','RR','10','25',NULL),(1931,'26','13','RR','20','18',NULL),(1932,'27','14','RR','5','21',NULL),(1933,'28','14','RR','2','32',NULL),(1934,'29','15','RR','3','14',NULL),(1935,'30','15','RR','3','35',NULL),(1936,'31','16','RR','3','33',NULL),(1937,'32','16','RR','10','20',NULL),(1938,'33','17','RR','2','38',NULL),(1939,'34','17','RR','2','37',NULL),(1940,'35','18','RR','10','13',NULL),(1941,'36','18','RR','20','7',NULL),(1942,'37','19','RR','1','37',NULL),(1943,'38','19','RR','1','38',NULL),(1944,'39','20','RR','2','36',NULL),(1945,'40','20','RR','5','21',NULL),(1946,'41','21','RR','2','32',NULL),(1947,'42','21','RR','10','18',NULL),(1948,'43','22','RR','20','25',NULL),(1949,'44','22','RR','10','13',NULL),(1950,'45','23','RR','3','37',NULL),(1951,'46','23','RR','2','38',NULL),(1952,'47','24','RR','3','55',NULL),(1953,'48','24','RR','3','54',NULL),(1954,'49','25','RR','2','35',NULL),(1955,'50','25','RR','2','14',NULL),(1956,'51','26','RR','10','13',NULL),(1957,'52','26','RR','10','25',NULL),(1958,'53','27','RR','2','37',NULL),(1959,'54','27','RR','2','33',NULL),(1960,'55','28','RR','2','55',NULL),(1961,'56','28','RR','1','36',NULL),(1962,'57','29','RR','20','25',NULL),(1963,'58','29','RR','2','32',NULL),(1964,'59','30','RR','5','35',NULL),(1965,'60','30','RR','20','20',NULL),(1966,'61','31','RR','50','7',NULL),(1967,'62','31','RR','50','18',NULL),(1968,'63','32','RR','5','21',NULL),(1969,'64','32','RR','5','33',NULL),(1970,'65','33','RR','50','13',NULL),(1971,'66','33','RR','5','34',NULL),(1972,'67','34','RR','5','35',NULL),(1973,'68','34','RR','50','7',NULL),(1974,'69','35','RR','5','21',NULL),(1975,'70','35','RR','3','32',NULL),(1976,'71','36','RR','20','13',NULL),(1977,'72','36','RR','3','33',NULL),(1978,'73','37','RR','10','20',NULL),(1979,'74','37','RR','2','5',NULL),(1980,'75','38','RR','1','37',NULL),(1981,'76','38','RR','10','25',NULL),(1982,'77','39','RR','3','37',NULL),(1983,'78','39','RR','15','13',NULL),(1984,'79','40','RR','2','33',NULL),(1985,'80','40','RR','20','38',NULL),(1986,'81','41','RR','10','25',NULL),(1987,'82','41','RR','20','18',NULL),(1988,'83','42','RR','5','21',NULL),(1989,'84','42','RR','2','32',NULL),(1990,'85','43','RR','3','14',NULL),(1991,'86','43','RR','3','5',NULL),(1992,'87','44','RR','3','33',NULL),(1993,'88','44','RR','10','20',NULL),(1994,'89','45','RR','2','38',NULL),(1995,'90','45','RR','2','37',NULL),(1996,'91','46','RR','10','19',NULL),(1997,'92','46','RR','20','24',NULL),(1998,'93','47','RR','1','37',NULL),(1999,'94','47','RR','1','38',NULL),(2000,'95','48','RR','2','36',NULL),(2001,'96','48','RR','5','21',NULL),(2002,'97','49','RR','2','32',NULL),(2003,'98','49','RR','10','18',NULL),(2004,'99','50','RR','20','25',NULL),(2005,'100','50','RR','10','13',NULL),(2006,'101','51','RR','2','14',NULL),(2007,'102','52','RR','1','4',NULL),(2008,'103','53','RR','2','5',NULL),(2009,'104','54','RR','1','7',NULL),(2010,'105','56','RR','1','45',NULL),(2011,'106','57','RR','2','72',NULL),(2012,'107','58','RR','1','45',NULL),(2013,'108','59','RR','2','72',NULL),(2014,'109','60','RR','3','26',NULL),(2015,'110','61','RR','1','27',NULL),(2016,'111','63','RR','3','28',NULL),(2017,'112','64','RR','2','41',NULL),(2018,'113','65','RR','1','42',NULL),(2019,'114','66','RR','2','43',NULL),(2020,'115','67','RR','1','73',NULL),(2021,'116','68','RR','2','50',NULL),(2022,'117','69','RR','1','51',NULL),(2023,'118','70','RR','3','53',NULL),(2024,'119','71','RR','1','73',NULL),(2025,'120','72','RR','2','72',NULL),(2026,NULL,'1','R','2','1',NULL),(2027,NULL,'2','R','1','2',NULL),(2028,NULL,'3','R','2','3',NULL),(2029,NULL,'5','R','1','4',NULL),(2030,NULL,'6','R','1','5',NULL),(2031,NULL,'7','R','2','6',NULL),(2032,NULL,'8','R','1','7',NULL),(2033,NULL,'9','R','2','8',NULL),(2034,NULL,'14','R','3','9',NULL),(2035,NULL,'15','R','1','10',NULL),(2036,NULL,'16','R','3','11',NULL),(2037,NULL,'18','R','2','12',NULL),(2038,NULL,'19','R','1','13',NULL),(2039,NULL,'20','R','2','14',NULL),(2040,NULL,'21','R','1','15',NULL),(2041,NULL,'22','R','2','16',NULL),(2042,NULL,'23','R','1','17',NULL),(2043,NULL,'25','R','3','18',NULL),(2044,NULL,'27','R','1','19',NULL),(2045,NULL,'28','R','2','20',NULL),(2046,NULL,NULL,'R',NULL,NULL,NULL),(2047,NULL,NULL,'R',NULL,NULL,NULL),(2048,NULL,NULL,'R',NULL,NULL,NULL),(2049,NULL,NULL,'R',NULL,NULL,NULL),(2050,NULL,NULL,'R',NULL,NULL,NULL);
/*!40000 ALTER TABLE `materiales_por_pedido` ENABLE KEYS */;
UNLOCK TABLES;

--
-- Table structure for table `materiales_por_recibo`
--

DROP TABLE IF EXISTS `materiales_por_recibo`;
/*!40101 SET @saved_cs_client     = @@character_set_client */;
/*!40101 SET character_set_client = utf8 */;
CREATE TABLE `materiales_por_recibo` (
  `id` bigint(20) unsigned NOT NULL AUTO_INCREMENT,
  `id_sistema` varchar(100) DEFAULT NULL,
  `id_recibo_compra` varchar(100) DEFAULT NULL,
  `id_material` varchar(100) DEFAULT NULL,
  `cantidad` varchar(100) DEFAULT NULL,
  `sistema` varchar(100) DEFAULT NULL,
  `f_caducidad` varchar(100) DEFAULT NULL,
  `tipo_paquete` varchar(100) DEFAULT NULL,
  `error` tinyint(1) DEFAULT NULL,
  PRIMARY KEY (`id`),
  UNIQUE KEY `id` (`id`)
) ENGINE=InnoDB AUTO_INCREMENT=1681 DEFAULT CHARSET=utf8;
/*!40101 SET character_set_client = @saved_cs_client */;

--
-- Dumping data for table `materiales_por_recibo`
--

LOCK TABLES `materiales_por_recibo` WRITE;
/*!40000 ALTER TABLE `materiales_por_recibo` DISABLE KEYS */;
INSERT INTO `materiales_por_recibo` VALUES (1541,'1','1','25','18','RR','2020-01-01','Paquete',1),(1542,'2','1','32','1','RR','2021-11-28','Paquete',1),(1543,'3','2','5','4','RR','2020-09-24','Paquete',1),(1544,'4','2','20','17','RR','2021-02-06','Paquete',1),(1545,'5','3','7','40','RR','2019-07-13','Piezas',1),(1546,'6','3','18','40','RR','2019-09-21','Piezas',1),(1547,'7','4','21','3','RR','2020-01-01','Paquete',1),(1548,'8','4','33','3','RR','2021-11-28','Cajas',1),(1549,'9','5','13','40','RR','2020-09-24','Piezas',1),(1550,'10','5','14','3','RR','2021-02-06','Cajas',1),(1551,'11','6','35','3','RR','2019-07-13','Cajas',1),(1552,'12','6','7','45','RR','2019-09-11','Piezas',1),(1553,'13','7','21','3','RR','2020-01-01','Cajas',1),(1554,'14','7','32','1','RR','2021-11-28','Cajas',1),(1555,'15','8','13','15','RR','2020-09-24','Cajas',1),(1556,'16','8','33','1','RR','2021-02-06','Cajas',1),(1557,'17','9','20','9','RR','2019-07-13','Cajas',1),(1558,'18','9','35','2','RR','2019-09-11','Cajas',1),(1559,'19','10','37','1','RR','2020-01-01','Cajas',1),(1560,'20','10','25','10','RR','2021-11-28','Cajas',1),(1561,'21','11','37','3','RR','2020-09-24','Cajas',1),(1562,'22','11','13','15','RR','2021-02-06','Cajas',1),(1563,'23','12','33','2','RR','2019-07-13','Cajas',1),(1564,'24','12','38','20','RR','2019-09-16','Piezas',1),(1565,'25','13','25','10','RR','2020-01-01','Cajas',1),(1566,'26','13','18','20','RR','2021-11-28','Paquete',1),(1567,'27','14','21','5','RR','2020-09-24','Paquete',1),(1568,'28','14','32','2','RR','2021-02-06','Paquete',1),(1569,'29','15','14','3','RR','2019-07-13','Paquete',1),(1570,'30','15','35','3','RR','2019-09-08','Paquete',1),(1571,'31','16','33','3','RR','2020-01-01','Paquete',1),(1572,'32','16','20','10','RR','2021-11-28','Paquete',1),(1573,'33','17','38','2','RR','2020-09-24','Cajas',1),(1574,'34','17','37','2','RR','2021-02-06','Cajas',1),(1575,'35','18','13','10','RR','2019-07-13','Cajas',1),(1576,'36','18','7','20','RR','2019-07-14','Cajas',1),(1577,'37','19','37','1','RR','2020-01-01','Cajas',1),(1578,'38','19','38','1','RR','2021-11-28','Cajas',1),(1579,'39','20','36','2','RR','2020-09-24','Cajas',1),(1580,'40','20','21','5','RR','2021-02-06','Cajas',1),(1581,'41','21','32','2','RR','2019-07-13','Cajas',1),(1582,'42','21','18','10','RR','2019-09-03','Cajas',1),(1583,'43','22','25','20','RR','2020-01-01','Paquete',1),(1584,'44','22','13','10','RR','2021-11-28','Paquete',1),(1585,'45','23','37','3','RR','2020-09-24','Paquete',1),(1586,'46','23','38','2','RR','2021-02-06','Paquete',1),(1587,'47','24','55','3','RR','2019-07-13','Paquete',1),(1588,'48','24','54','3','RR','2019-09-05','Paquete',1),(1589,'49','25','35','2','RR','2020-01-01','Paquete',1),(1590,'50','25','14','2','RR','2021-11-28','Cajas',1),(1591,'51','26','13','10','RR','2020-09-24','Cajas',1),(1592,'52','26','25','10','RR','2021-02-06','Cajas',1),(1593,'53','27','37','2','RR','2019-07-13','Cajas',1),(1594,'54','27','33','2','RR','2019-09-06','Cajas',1),(1595,'55','28','55','2','RR','2020-01-01','Cajas',1),(1596,'56','28','36','1','RR','2021-11-28','Cajas',1),(1597,'57','29','25','20','RR','2020-09-24','Cajas',1),(1598,'58','29','32','2','RR','2021-02-06','Cajas',1),(1599,'59','30','35','5','RR','2019-07-13','Cajas',1),(1600,'60','30','20','20','RR','2019-09-24','Cajas',1),(1601,'61','31','7','50','RR','2020-01-01','Piezas',1),(1602,'62','31','18','50','RR','2021-11-28','Piezas',1),(1603,'63','32','21','5','RR','2020-09-24','Cajas',1),(1604,'64','32','33','5','RR','2021-02-06','Cajas',1),(1605,'65','33','13','50','RR','2019-07-13','Piezas',1),(1606,'66','33','34','5','RR','2019-09-29','Cajas',1),(1607,'67','34','35','5','RR','2020-01-01','Cajas',1),(1608,'68','34','7','50','RR','2021-11-28','Piezas',1),(1609,'69','35','21','5','RR','2020-09-24','Cajas',1),(1610,'70','35','32','3','RR','2021-02-06','Cajas',1),(1611,'71','36','13','20','RR','2019-07-13','Cajas',1),(1612,'72','36','33','3','RR','2019-09-21','Cajas',1),(1613,'73','37','20','10','RR','2020-01-01','Cajas',1),(1614,'74','37','5','2','RR','2021-11-28','Cajas',1),(1615,'75','38','37','1','RR','2020-09-24','Cajas',1),(1616,'76','38','25','10','RR','2021-02-06','Cajas',1),(1617,'77','39','37','3','RR','2019-07-13','Cajas',1),(1618,'78','39','13','15','RR','2019-09-18','Cajas',1),(1619,'79','40','33','2','RR','2020-01-01','Cajas',1),(1620,'80','40','38','20','RR','2021-11-28','Piezas',1),(1621,'81','41','25','10','RR','2020-09-24','Cajas',1),(1622,'82','41','18','20','RR','2021-02-06','Piezas',1),(1623,'83','42','21','5','RR','2019-07-13','Cajas',1),(1624,'84','42','32','2','RR','2019-09-25','Cajas',1),(1625,'85','43','14','3','RR','2020-01-01','Cajas',1),(1626,'86','43','5','3','RR','2021-11-28','Cajas',1),(1627,'87','44','33','3','RR','2020-09-24','Cajas',1),(1628,'88','44','20','10','RR','2021-02-06','Cajas',1),(1629,'89','45','38','2','RR','2019-07-13','Cajas',1),(1630,'90','45','37','2','RR','2019-09-25','Cajas',1),(1631,'91','46','19','10','RR','2020-01-01','Cajas',1),(1632,'92','46','24','20','RR','2021-11-28','Piezas',1),(1633,'93','47','37','1','RR','2020-09-24','Cajas',1),(1634,'94','47','38','1','RR','2021-02-06','Paquete',1),(1635,'95','48','36','2','RR','2019-07-13','Paquete',1),(1636,'96','48','21','5','RR','2019-09-25','Paquete',1),(1637,'97','49','32','2','RR','2020-01-01','Paquete',1),(1638,'98','49','18','10','RR','2021-11-28','Paquete',1),(1639,'99','50','25','20','RR','2020-09-24','Piezas',1),(1640,'100','50','13','10','RR','2021-02-06','Paquete',1),(1641,'101','51','14','-10','RR','2019-07-13','Paquetes',1),(1642,'102','52','4','1','RR','2019-09-25','Paquetes',1),(1643,'103','53','5','2','RR','2020-01-01','Cajas',1),(1644,'104','54','7','1','RR','2021-11-28','Paquetes',1),(1645,'105','56','45','1','RR','2020-09-24','Paquetess',1),(1646,'106','57','72','2','RR','2021-02-06','Cajas',1),(1647,'107','58','45','1','RR','2021-02-06','Cajas',1),(1648,'108','59','72','2','RR','2019-07-13','Paquetes',1),(1649,'109','60','26','1','RR','2019-09-25','Cajas',1),(1650,'110','61','27','1','RR','2020-01-01','Paquetes',1),(1651,'111','63','28','1','RR','2021-11-28','Paquetes',1),(1652,'112','64','41','2','RR','2020-09-24','Cajas',1),(1653,'113','65','42','1','RR','2021-02-06','Cajas',1),(1654,'114','66','43','2','RR','2019-07-13','Paquetes',1),(1655,'115','67','73','1','RR','2021-11-28','Cajas',1),(1656,'116','68','50','2','RR','2020-09-24','Cajas',1),(1657,'117','69','51','1','RR','2021-02-06','Paquetes',1),(1658,'118','70','53','1','RR','2019-07-13','Paquetes',1),(1659,'119','71','74','1','RR','2021-11-28','Cajas',1),(1660,'120','72','75','2','RR','2020-09-24','Cajas',1),(1661,'1','1','1','2','R',NULL,NULL,NULL),(1662,'2','2','2','1','R',NULL,NULL,NULL),(1663,'3','3','3','2','R',NULL,NULL,NULL),(1664,'4','4','5','1','R',NULL,NULL,NULL),(1665,'5','5','6','1','R',NULL,NULL,NULL),(1666,'6','6','7','2','R',NULL,NULL,NULL),(1667,'7','7','8','1','R',NULL,NULL,NULL),(1668,'8','8','9','2','R',NULL,NULL,NULL),(1669,'9','9','14','3','R',NULL,NULL,NULL),(1670,'10','10','15','1','R',NULL,NULL,NULL),(1671,'11','11','16','3','R',NULL,NULL,NULL),(1672,'12','12','18','2','R',NULL,NULL,NULL),(1673,'13','13','19','1','R',NULL,NULL,NULL),(1674,'14','14','20','2','R',NULL,NULL,NULL),(1675,'15','15','21','1','R',NULL,NULL,NULL),(1676,'16','16','22','2','R',NULL,NULL,NULL),(1677,'17','17','23','1','R',NULL,NULL,NULL),(1678,'18','18','25','3','R',NULL,NULL,NULL),(1679,'19','19','27','1','R',NULL,NULL,NULL),(1680,'20','20','28','2','R',NULL,NULL,NULL);
/*!40000 ALTER TABLE `materiales_por_recibo` ENABLE KEYS */;
UNLOCK TABLES;

--
-- Table structure for table `mesas_por_reservacion`
--

DROP TABLE IF EXISTS `mesas_por_reservacion`;
/*!40101 SET @saved_cs_client     = @@character_set_client */;
/*!40101 SET character_set_client = utf8 */;
CREATE TABLE `mesas_por_reservacion` (
  `id` bigint(20) unsigned NOT NULL AUTO_INCREMENT,
  `id_reservacion` varchar(100) DEFAULT NULL,
  `id_mesa` varchar(100) DEFAULT NULL,
  `estado` varchar(100) DEFAULT NULL,
  `error` tinyint(1) DEFAULT NULL,
  PRIMARY KEY (`id`),
  UNIQUE KEY `id` (`id`)
) ENGINE=InnoDB AUTO_INCREMENT=481 DEFAULT CHARSET=utf8;
/*!40101 SET character_set_client = @saved_cs_client */;

--
-- Dumping data for table `mesas_por_reservacion`
--

LOCK TABLES `mesas_por_reservacion` WRITE;
/*!40000 ALTER TABLE `mesas_por_reservacion` DISABLE KEYS */;
INSERT INTO `mesas_por_reservacion` VALUES (451,'8','9','1',NULL),(452,'1','1','1',NULL),(453,'3','2','1',NULL),(454,'4','4','1',NULL),(455,'5','6','1',NULL),(456,'6','7','1',NULL),(457,'7','8','1',NULL),(458,'9','10','1',NULL),(459,'10','12','1',NULL),(460,'11','14','1',NULL),(461,'12','15','1',NULL),(462,'13','16','1',NULL),(463,'14','1','1',NULL),(464,'15','2','1',NULL),(465,'18','3','1',NULL),(466,'16','4','1',NULL),(467,'17','5','1',NULL),(468,'19','6','1',NULL),(469,'22','8','1',NULL),(470,'21','7','1',NULL),(471,'23','10','1',NULL),(472,'24','13','1',NULL),(473,'25','14','1',NULL),(474,'26','15','1',NULL),(475,'27','18','1',NULL),(476,'28','20','1',NULL),(477,'29','10','1',NULL),(478,'30','13','1',NULL),(479,'31','14','1',NULL),(480,'32','17','1',NULL);
/*!40000 ALTER TABLE `mesas_por_reservacion` ENABLE KEYS */;
UNLOCK TABLES;

--
-- Table structure for table `paquetes`
--

DROP TABLE IF EXISTS `paquetes`;
/*!40101 SET @saved_cs_client     = @@character_set_client */;
/*!40101 SET character_set_client = utf8 */;
CREATE TABLE `paquetes` (
  `id` bigint(20) unsigned NOT NULL AUTO_INCREMENT,
  `nombre` varchar(100) DEFAULT NULL,
  `descripcion` varchar(100) DEFAULT NULL,
  `precio_por_dia` varchar(100) DEFAULT NULL,
  `error` tinyint(1) DEFAULT NULL,
  PRIMARY KEY (`id`),
  UNIQUE KEY `id` (`id`)
) ENGINE=InnoDB AUTO_INCREMENT=6 DEFAULT CHARSET=utf8;
/*!40101 SET character_set_client = @saved_cs_client */;

--
-- Dumping data for table `paquetes`
--

LOCK TABLES `paquetes` WRITE;
/*!40000 ALTER TABLE `paquetes` DISABLE KEYS */;
INSERT INTO `paquetes` VALUES (1,'Plan Todo Incluido','Hospedaje, Alimentos y Bebidas','2000.0',NULL),(2,'Plan Europe','Hospedaje ','550.0',NULL),(3,'Desayuno Buffet','Hospedaje y Opciones a elegir para desayunar (Carta)','800.0',NULL),(4,'Desayuno Americano','Hospedaje y Desayuno (Jugo, Fruta, Pan, Cafe y Huevos al Gusto)','780.0',NULL),(5,'Desayuno Contiental','Hospedaje y Desayuno (jugo, Fruta, Pan y Cafe)','750.0',NULL);
/*!40000 ALTER TABLE `paquetes` ENABLE KEYS */;
UNLOCK TABLES;

--
-- Table structure for table `paquetes_vendidos_por_renta`
--

DROP TABLE IF EXISTS `paquetes_vendidos_por_renta`;
/*!40101 SET @saved_cs_client     = @@character_set_client */;
/*!40101 SET character_set_client = utf8 */;
CREATE TABLE `paquetes_vendidos_por_renta` (
  `id` bigint(20) unsigned NOT NULL AUTO_INCREMENT,
  `id_paquete` varchar(100) DEFAULT NULL,
  `id_renta` varchar(100) DEFAULT NULL,
  `id_empleado` varchar(100) DEFAULT NULL,
  `error` tinyint(1) DEFAULT NULL,
  PRIMARY KEY (`id`),
  UNIQUE KEY `id` (`id`)
) ENGINE=InnoDB AUTO_INCREMENT=12 DEFAULT CHARSET=utf8;
/*!40101 SET character_set_client = @saved_cs_client */;

--
-- Dumping data for table `paquetes_vendidos_por_renta`
--

LOCK TABLES `paquetes_vendidos_por_renta` WRITE;
/*!40000 ALTER TABLE `paquetes_vendidos_por_renta` DISABLE KEYS */;
INSERT INTO `paquetes_vendidos_por_renta` VALUES (1,'1','1','1',NULL),(2,'3','2','2',NULL),(3,'4','3','1',NULL),(4,'5','4','3',NULL),(5,'1','5','4',NULL),(6,'2','6','5',NULL),(7,'4','7','1',NULL),(8,'1','8','2',NULL),(9,'4','9','1',NULL),(10,'3','10','2',NULL),(11,'3','11','3',NULL);
/*!40000 ALTER TABLE `paquetes_vendidos_por_renta` ENABLE KEYS */;
UNLOCK TABLES;

--
-- Table structure for table `pedidos_por_empleado`
--

DROP TABLE IF EXISTS `pedidos_por_empleado`;
/*!40101 SET @saved_cs_client     = @@character_set_client */;
/*!40101 SET character_set_client = utf8 */;
CREATE TABLE `pedidos_por_empleado` (
  `id` bigint(20) unsigned NOT NULL AUTO_INCREMENT,
  `id_sistema` varchar(100) DEFAULT NULL,
  `f_peticion` varchar(100) DEFAULT NULL,
  `estado` varchar(100) DEFAULT NULL,
  `id_empleado` varchar(100) DEFAULT NULL,
  `sistema` varchar(100) DEFAULT NULL,
  `error` tinyint(1) DEFAULT NULL,
  PRIMARY KEY (`id`),
  UNIQUE KEY `id` (`id`)
) ENGINE=InnoDB AUTO_INCREMENT=1613 DEFAULT CHARSET=utf8;
/*!40101 SET character_set_client = @saved_cs_client */;

--
-- Dumping data for table `pedidos_por_empleado`
--

LOCK TABLES `pedidos_por_empleado` WRITE;
/*!40000 ALTER TABLE `pedidos_por_empleado` DISABLE KEYS */;
INSERT INTO `pedidos_por_empleado` VALUES (1464,'1','2018-02-01',NULL,'25','RR',NULL),(1465,'2',NULL,NULL,'24','RR',NULL),(1466,'3','2018-03-20',NULL,'26','RR',NULL),(1467,'4','2018-03-05',NULL,'28','RR',NULL),(1468,'5','2018-03-10',NULL,'29','RR',NULL),(1469,'6','2018-04-11',NULL,'24','RR',NULL),(1470,'7','2018-04-20',NULL,'25','RR',NULL),(1471,'8','2018-05-01',NULL,'30','RR',NULL),(1472,'9','2018-05-06',NULL,'28','RR',NULL),(1473,'10','2018-06-10',NULL,'24','RR',NULL),(1474,'11','2018-06-20',NULL,'25','RR',NULL),(1475,'12','2018-07-02',NULL,'26','RR',NULL),(1476,'13','2018-07-08',NULL,'24','RR',NULL),(1477,'14','2018-07-12',NULL,'28','RR',NULL),(1478,'15','2018-07-20',NULL,'25','RR',NULL),(1479,'16','2018-07-28',NULL,'24','RR',NULL),(1480,'17','2018-08-01',NULL,'24','RR',NULL),(1481,'18','3018-08-05',NULL,'25','RR',NULL),(1482,'19','2018-08-10',NULL,'25','RR',NULL),(1483,'20','2018-08-20',NULL,'26','RR',NULL),(1484,'21','2018-08-25',NULL,'29','RR',NULL),(1485,'22','2018-08-29',NULL,'24','RR',NULL),(1486,'23','2018-09-01',NULL,'28','RR',NULL),(1487,'24','2018-09-05',NULL,'25','RR',NULL),(1488,'25','2018-09-10',NULL,'25','RR',NULL),(1489,'26','2018-09-20',NULL,'24','RR',NULL),(1490,'27','2018-09-25',NULL,'28','RR',NULL),(1491,'28','2018-09-30',NULL,'26','RR',NULL),(1492,'29','2018-10-01',NULL,'25','RR',NULL),(1493,'30','2018-10-05',NULL,'24','RR',NULL),(1494,'31','2018-10-10',NULL,'28','RR',NULL),(1495,'32','2018-10-25',NULL,'24','RR',NULL),(1496,'33','2018-10-30',NULL,'25','RR',NULL),(1497,'34','2018-11-01',NULL,'24','RR',NULL),(1498,'35','2018-11-05',NULL,'28','RR',NULL),(1499,'36','2018-11-10',NULL,'24','RR',NULL),(1500,'37','2018-11-15',NULL,'24','RR',NULL),(1501,'38','2018-11-20',NULL,'25','RR',NULL),(1502,'39','2018-11-25',NULL,'25','RR',NULL),(1503,'40','2018-11-30',NULL,'26','RR',NULL),(1504,'41','2018-12-01',NULL,'26','RR',NULL),(1505,'42','2018-12-05',NULL,'24','RR',NULL),(1506,'43','2018-12-10',NULL,'24','RR',NULL),(1507,'44','2018-12-15',NULL,'24','RR',NULL),(1508,'45','2018-12-20',NULL,'24','RR',NULL),(1509,'46','2018-12-25',NULL,'25','RR',NULL),(1510,'47','2018-12-28',NULL,'29','RR',NULL),(1511,'48','2019-01-01',NULL,'29','RR',NULL),(1512,'49','1919-01-10',NULL,'28','RR',NULL),(1513,'50','2019-01-25',NULL,'24','RR',NULL),(1514,'51','2018-04-13',NULL,'24','RR',NULL),(1515,'52','2018-04-13',NULL,'28','RR',NULL),(1516,'53','2018-04-14',NULL,'29','RR',NULL),(1517,'54','2018-04-14',NULL,NULL,'RR',NULL),(1518,'55',NULL,NULL,'29','RR',NULL),(1519,'56','2018-04-14',NULL,'29','RR',NULL),(1520,'57','2018-04-16',NULL,'24','RR',NULL),(1521,'58','2018-04-17',NULL,'24','RR',NULL),(1522,'59','2018-04-27',NULL,'28','RR',NULL),(1523,'60','2018-04-28',NULL,'28','RR',NULL),(1524,'61','2018-04-29',NULL,NULL,'RR',NULL),(1525,'62',NULL,NULL,'24','RR',NULL),(1526,'63','2018-05-13',NULL,'26','RR',NULL),(1527,'64','2018-05-16',NULL,'26','RR',NULL),(1528,'65','2018-05-17',NULL,'24','RR',NULL),(1529,'66','2018-05-31',NULL,'228','RR',NULL),(1530,'67','2018-06-02',NULL,'29','RR',NULL),(1531,'68','2018-06-08',NULL,'26','RR',NULL),(1532,'69','2018-06-15',NULL,'26','RR',NULL),(1533,'70',NULL,NULL,'28','RR',NULL),(1534,'71','2018-06-21',NULL,'26','RR',NULL),(1535,'72','2018-06-23',NULL,'24','RR',NULL),(1536,'73','2019-04-12',NULL,'26','RR',NULL),(1537,'1','2018-04-13 00:00:00',NULL,'1','R',NULL),(1538,'2','2018-04-13 00:00:00',NULL,'1','R',NULL),(1539,'3','2018-04-14 00:00:00',NULL,'1','R',NULL),(1540,'4','2018-04-14 00:00:00',NULL,'1','R',NULL),(1541,'5','2018-04-14 00:00:00',NULL,'1','R',NULL),(1542,'6','2018-04-16 00:00:00',NULL,'1','R',NULL),(1543,'7','2018-04-17 00:00:00',NULL,'2','R',NULL),(1544,'8','2018-04-27 00:00:00',NULL,'2','R',NULL),(1545,'9','2018-04-28 00:00:00',NULL,'2','R',NULL),(1546,'10','2018-04-29 00:00:00',NULL,'2','R',NULL),(1547,'11','2018-05-13 00:00:00',NULL,'2','R',NULL),(1548,'12','2018-05-16 00:00:00',NULL,'1','R',NULL),(1549,'13','2018-05-17 00:00:00',NULL,'1','R',NULL),(1550,'14','2018-05-31 00:00:00',NULL,'1','R',NULL),(1551,'15','2018-06-02 00:00:00',NULL,'2','R',NULL),(1552,'16','2018-06-08 00:00:00',NULL,'1','R',NULL),(1553,'17','2018-06-15 00:00:00',NULL,'1','R',NULL),(1554,'18','2018-06-18 00:00:00',NULL,'1','R',NULL),(1555,'19','2018-06-21 00:00:00',NULL,'2','R',NULL),(1556,'20','2018-06-23 00:00:00',NULL,'2','R',NULL),(1557,'21','2019-01-01 00:00:00',NULL,'2','R',NULL),(1558,'22','2019-01-03 00:00:00',NULL,'2','R',NULL),(1559,'23',NULL,NULL,NULL,'R',NULL),(1560,'24',NULL,NULL,NULL,'R',NULL),(1561,'25',NULL,NULL,NULL,'R',NULL),(1562,'26',NULL,NULL,NULL,'R',NULL),(1563,'1','2018-02-01',NULL,'2','H',1),(1564,'2','2018-02-10',NULL,'1','H',1),(1565,'3','2018-03-20',NULL,'3','H',1),(1566,'4','2018-03-05',NULL,'4','H',1),(1567,'5','2018-03-10',NULL,'5','H',1),(1568,'6','2018-04-11',NULL,'1','H',1),(1569,'7','2018-04-20',NULL,'2','H',1),(1570,'8','2018-05-01',NULL,'6','H',1),(1571,'9','2018-05-06',NULL,'4','H',1),(1572,'10','2018-06-10',NULL,'1','H',1),(1573,'11','2018-06-20',NULL,'2','H',1),(1574,'12','2018-07-02',NULL,'3','H',1),(1575,'13','2018-07-08',NULL,'1','H',1),(1576,'14','2018-07-12',NULL,'4','H',1),(1577,'15','2018-07-20',NULL,'2','H',1),(1578,'16','2018-07-28',NULL,'1','H',1),(1579,'17','2018-08-01',NULL,'1','H',1),(1580,'18','2018-08-05',NULL,'2','H',1),(1581,'19','2018-08-10',NULL,'2','H',1),(1582,'20','2018-08-20',NULL,'3','H',1),(1583,'21','2018-08-25',NULL,'5','H',1),(1584,'22','2018-08-29',NULL,'1','H',1),(1585,'23','2018-09-01',NULL,'4','H',1),(1586,'24','2018-09-05',NULL,'2','H',1),(1587,'25','2018-09-10',NULL,'2','H',1),(1588,'26','2018-09-20',NULL,'1','H',1),(1589,'27','2018-09-25',NULL,'4','H',1),(1590,'28','2018-09-30',NULL,'3','H',1),(1591,'29','2018-10-01',NULL,'2','H',1),(1592,'30','2018-10-05',NULL,'1','H',1),(1593,'31','2018-10-10',NULL,'4','H',1),(1594,'32','2018-10-25',NULL,'1','H',1),(1595,'33','2018-10-30',NULL,'2','H',1),(1596,'34','2018-11-01',NULL,'1','H',1),(1597,'35','2018-11-05',NULL,'4','H',1),(1598,'36','2018-11-10',NULL,'1','H',1),(1599,'37','2018-11-15',NULL,'1','H',1),(1600,'38','2018-11-20',NULL,'2','H',1),(1601,'39','2018-11-25',NULL,'2','H',1),(1602,'40','2018-11-30',NULL,'3','H',1),(1603,'41','2018-12-01',NULL,'3','H',1),(1604,'42','2018-12-05',NULL,'1','H',1),(1605,'43','2018-12-10',NULL,'1','H',1),(1606,'44','2018-12-15',NULL,'1','H',1),(1607,'45','2018-12-20',NULL,'1','H',1),(1608,'46','2018-12-25',NULL,'2','H',1),(1609,'47','2018-12-28',NULL,'5','H',1),(1610,'48','2019-01-01',NULL,'5','H',1),(1611,'49','2019-01-10',NULL,'4','H',1),(1612,'50','2019-01-25',NULL,'1','H',1);
/*!40000 ALTER TABLE `pedidos_por_empleado` ENABLE KEYS */;
UNLOCK TABLES;

--
-- Table structure for table `platillos`
--

DROP TABLE IF EXISTS `platillos`;
/*!40101 SET @saved_cs_client     = @@character_set_client */;
/*!40101 SET character_set_client = utf8 */;
CREATE TABLE `platillos` (
  `id` bigint(20) unsigned NOT NULL AUTO_INCREMENT,
  `nombre` varchar(100) DEFAULT NULL,
  `precio` varchar(100) DEFAULT NULL,
  `descripcion` varchar(100) DEFAULT NULL,
  `error` tinyint(1) DEFAULT NULL,
  PRIMARY KEY (`id`),
  UNIQUE KEY `id` (`id`)
) ENGINE=InnoDB AUTO_INCREMENT=31 DEFAULT CHARSET=utf8;
/*!40101 SET character_set_client = @saved_cs_client */;

--
-- Dumping data for table `platillos`
--

LOCK TABLES `platillos` WRITE;
/*!40000 ALTER TABLE `platillos` DISABLE KEYS */;
INSERT INTO `platillos` VALUES (1,'pizza variedad','100.0000',NULL,NULL),(2,'pechuga de pollo a la plancha','90.0000',NULL,1),(3,'sopa de verduras','50.0000',NULL,NULL),(4,'sandwich de jamon','40.0000',NULL,NULL),(5,'hamburguesa','65.0000',NULL,NULL),(6,'ensalada tennese','70.0000',NULL,NULL),(7,'crema de calabaza','70.0000',NULL,NULL),(8,'pasta a la bolognesa','80.0000',NULL,1),(9,'huevos al gusto3333333','50.0000',NULL,1),(10,'chilaquiles','70.0000',NULL,NULL),(11,'sopès al gusto','60.0000',NULL,1),(12,'tacos de carnitas','55.0000',NULL,NULL),(13,'enchiladas','60.0000',NULL,NULL),(14,'torta al gusto','50.0000',NULL,NULL),(15,'camarones al gusto','100.0000',NULL,NULL),(16,'filete de pescado al gusto','100.0000',NULL,1),(17,'sushi','80.0000',NULL,NULL),(18,'alitas','70.0000',NULL,NULL),(19,'hot dogs','60.0000',NULL,NULL),(20,'brownies','30.0000',NULL,NULL),(21,'helado','20.0000',NULL,NULL),(22,'zumo de naranja','25.0000',NULL,NULL),(23,'mousse de chocolate','50.0000',NULL,NULL),(24,'crepa','30.0000',NULL,NULL),(25,'choco flan555','35.0000',NULL,1),(26,'pay de queso','35.0000',NULL,NULL),(27,'pay de elote','30.0000',NULL,NULL),(28,'fresas con crema','25.0000',NULL,NULL),(29,'tarta de fresa','30.0000',NULL,NULL),(30,'gelatina','20.0000',NULL,NULL);
/*!40000 ALTER TABLE `platillos` ENABLE KEYS */;
UNLOCK TABLES;

--
-- Table structure for table `platillos_por_comanda`
--

DROP TABLE IF EXISTS `platillos_por_comanda`;
/*!40101 SET @saved_cs_client     = @@character_set_client */;
/*!40101 SET character_set_client = utf8 */;
CREATE TABLE `platillos_por_comanda` (
  `id` bigint(20) unsigned NOT NULL AUTO_INCREMENT,
  `id_platillo` varchar(100) DEFAULT NULL,
  `id_comanda` varchar(100) DEFAULT NULL,
  `cantidad` varchar(100) DEFAULT NULL,
  `error` tinyint(1) DEFAULT NULL,
  PRIMARY KEY (`id`),
  UNIQUE KEY `id` (`id`)
) ENGINE=InnoDB AUTO_INCREMENT=34 DEFAULT CHARSET=utf8;
/*!40101 SET character_set_client = @saved_cs_client */;

--
-- Dumping data for table `platillos_por_comanda`
--

LOCK TABLES `platillos_por_comanda` WRITE;
/*!40000 ALTER TABLE `platillos_por_comanda` DISABLE KEYS */;
INSERT INTO `platillos_por_comanda` VALUES (1,'1','1','1',NULL),(2,'2','1','1',NULL),(3,'5','1','1',NULL),(4,'6','1','1',NULL),(5,'1','2','1',NULL),(6,'3','2','1',NULL),(7,'6','2','1',NULL),(8,'7','2','1',NULL),(9,'3','3','1',NULL),(10,'4','3','1',NULL),(11,'5','3','1',NULL),(12,'6','3','1',NULL),(13,'7','3','1',NULL),(14,'9','5','1',NULL),(15,'10','5','1',NULL),(16,'11','5','1',NULL),(17,'20','6','1',NULL),(18,'21','6','1',NULL),(19,'22','6','1RRR',NULL),(20,'23','7','1',NULL),(21,'1','8','1',NULL),(22,'2','9','1',NULL),(23,'3','10','1',NULL),(24,'4','13','1',NULL),(25,'5','14','1',NULL),(26,'7','15','1',NULL),(27,'8','16','1SSS',NULL),(28,'10','20','1',NULL),(29,'11','21','1',NULL),(30,'10','22','1',NULL),(31,'9','23','1',NULL),(32,'7','24','1',NULL),(33,'8','25','1---',NULL);
/*!40000 ALTER TABLE `platillos_por_comanda` ENABLE KEYS */;
UNLOCK TABLES;

--
-- Table structure for table `postulantes`
--

DROP TABLE IF EXISTS `postulantes`;
/*!40101 SET @saved_cs_client     = @@character_set_client */;
/*!40101 SET character_set_client = utf8 */;
CREATE TABLE `postulantes` (
  `id` bigint(20) unsigned NOT NULL AUTO_INCREMENT,
  `nombre` varchar(100) DEFAULT NULL,
  `estado` varchar(100) DEFAULT NULL,
  `error` tinyint(1) DEFAULT NULL,
  PRIMARY KEY (`id`),
  UNIQUE KEY `id` (`id`)
) ENGINE=InnoDB AUTO_INCREMENT=6 DEFAULT CHARSET=utf8;
/*!40101 SET character_set_client = @saved_cs_client */;

--
-- Dumping data for table `postulantes`
--

LOCK TABLES `postulantes` WRITE;
/*!40000 ALTER TABLE `postulantes` DISABLE KEYS */;
INSERT INTO `postulantes` VALUES (1,'Gibran Lopez Hernandez','0',1),(2,'Alberto Tarantino ','0',1),(3,'Samuki Tsuriku','0',1),(4,'Hararagi Tsuko70','0',1),(5,'Paloma Cabrera Soto','0',1);
/*!40000 ALTER TABLE `postulantes` ENABLE KEYS */;
UNLOCK TABLES;

--
-- Table structure for table `programas_de_capacitacion`
--

DROP TABLE IF EXISTS `programas_de_capacitacion`;
/*!40101 SET @saved_cs_client     = @@character_set_client */;
/*!40101 SET character_set_client = utf8 */;
CREATE TABLE `programas_de_capacitacion` (
  `id` bigint(20) unsigned NOT NULL AUTO_INCREMENT,
  `id_empresa` varchar(100) DEFAULT NULL,
  `nombre` varchar(100) DEFAULT NULL,
  `costo` varchar(100) DEFAULT NULL,
  `duracion` varchar(100) DEFAULT NULL,
  `error` tinyint(1) DEFAULT NULL,
  PRIMARY KEY (`id`),
  UNIQUE KEY `id` (`id`)
) ENGINE=InnoDB AUTO_INCREMENT=5 DEFAULT CHARSET=utf8;
/*!40101 SET character_set_client = @saved_cs_client */;

--
-- Dumping data for table `programas_de_capacitacion`
--

LOCK TABLES `programas_de_capacitacion` WRITE;
/*!40000 ALTER TABLE `programas_de_capacitacion` DISABLE KEYS */;
INSERT INTO `programas_de_capacitacion` VALUES (1,'10','Técnicas para vendedores','18000.0','7',NULL),(2,'10','Servicio al cliente','10000.0','5',NULL),(3,'10','Curso liderazgo empresarial','23000.0','12',NULL),(4,'8','Sistemas de redes de comunicación','7000.0','6',NULL);
/*!40000 ALTER TABLE `programas_de_capacitacion` ENABLE KEYS */;
UNLOCK TABLES;

--
-- Table structure for table `proveedores`
--

DROP TABLE IF EXISTS `proveedores`;
/*!40101 SET @saved_cs_client     = @@character_set_client */;
/*!40101 SET character_set_client = utf8 */;
CREATE TABLE `proveedores` (
  `id` bigint(20) unsigned NOT NULL AUTO_INCREMENT,
  `nombre` varchar(100) DEFAULT NULL,
  `id_empresa` varchar(100) DEFAULT NULL,
  `id_sistema` varchar(100) DEFAULT NULL,
  `sistema` varchar(100) DEFAULT NULL,
  `error` tinyint(1) DEFAULT NULL,
  PRIMARY KEY (`id`),
  UNIQUE KEY `id` (`id`)
) ENGINE=InnoDB AUTO_INCREMENT=408 DEFAULT CHARSET=utf8;
/*!40101 SET character_set_client = @saved_cs_client */;

--
-- Dumping data for table `proveedores`
--

LOCK TABLES `proveedores` WRITE;
/*!40000 ALTER TABLE `proveedores` DISABLE KEYS */;
INSERT INTO `proveedores` VALUES (378,'José Ramón Corona','1','1','RR',1),(379,'Ernesto Bertran Alcaraz','2','2','RR',NULL),(380,'Angel Cabrera Soliz','3','3','RR',NULL),(381,'Ana Romero Días','4','4','RR',1),(382,'Rufino Equihua Anaya','5','5','RR',NULL),(383,'Monica Lisbeth Anaya Zepeda','6','6','RR',1),(384,'Hector Zepeda Madrigal','7','7','RR',NULL),(385,'Christina Ivan Zarate Rios','8','8','RR',1),(386,'Jannete Zepeda Equihua','11','9','RR',NULL),(387,'Myrka Sarahi Larios','10','10','RR',NULL),(388,'Miguel Angel Urbina Equihua','11','11','RR',1),(389,'Christian Ivan Zarate Rios','12','12','RR',1),(390,'Alejandra Guzman Gonzales','13','13','RR',NULL),(391,'Brandom Infante Nuñes','14','14','RR',1),(392,'Elizabeth Soto Equihua','15','15','RR',NULL),(393,'Erika Gabriela Rios','16','16','RR',NULL),(394,'Angel Gallegos LArio','9','17','RR',NULL),(395,'COLANTA',NULL,'2','R',NULL),(396,'INDUSTRIA COLOMBIANA DE CAFE S.A.S',NULL,'3','R',NULL),(397,'COMPAÑÍA NACIONAL DE CHOCOLATES S.A.S',NULL,'4','R',NULL),(398,'LOCERIA COLOMBIANA S.A.S - CORONA',NULL,'5','R',NULL),(399,'CRISTAR S.A.S.',NULL,'6','R',NULL),(400,'DRYPERS ANDINA S.A. 9999999',NULL,'7','R',NULL),(401,'AMBIENTE GOURMET 22222222',NULL,'12','R',NULL),(402,'ALQUERÍA - PRODUCTOS NATURALES DE LA SABANA S.A.',NULL,'1','R',NULL),(403,'LA RECETTA SOLUCIONES GASTRONÓMICAS INTEGRADAS S.A.S',NULL,'8','R',NULL),(404,'LAFAYETTE S.A.S.',NULL,'9','R',NULL),(405,'MESA ITALIANA S.A.S.',NULL,'10','R',NULL),(406,'VENTAS INSTITUCIONALES S.A.S',NULL,'11','R',NULL),(407,'EUROLINK S.A.S.',NULL,'13','R',NULL);
/*!40000 ALTER TABLE `proveedores` ENABLE KEYS */;
UNLOCK TABLES;

--
-- Table structure for table `recibos_de_compra`
--

DROP TABLE IF EXISTS `recibos_de_compra`;
/*!40101 SET @saved_cs_client     = @@character_set_client */;
/*!40101 SET character_set_client = utf8 */;
CREATE TABLE `recibos_de_compra` (
  `id` bigint(20) unsigned NOT NULL AUTO_INCREMENT,
  `id_sistema` varchar(100) DEFAULT NULL,
  `sistema` varchar(100) DEFAULT NULL,
  `f_entrega` varchar(100) DEFAULT NULL,
  `id_pedido_compra` varchar(100) DEFAULT NULL,
  `error` tinyint(1) DEFAULT NULL,
  PRIMARY KEY (`id`),
  UNIQUE KEY `id` (`id`)
) ENGINE=InnoDB AUTO_INCREMENT=1455 DEFAULT CHARSET=utf8;
/*!40101 SET character_set_client = @saved_cs_client */;

--
-- Dumping data for table `recibos_de_compra`
--

LOCK TABLES `recibos_de_compra` WRITE;
/*!40000 ALTER TABLE `recibos_de_compra` DISABLE KEYS */;
INSERT INTO `recibos_de_compra` VALUES (1360,'1','RR','2018-02-01','1',1),(1361,'2','RR','2018-02-10','2',1),(1362,'3','RR','2018-03-20','3',1),(1363,'4','RR','2018-03-05','4',1),(1364,'5','RR','2018-03-10','5',1),(1365,'6','RR','2018-04-11','6',1),(1366,'7','RR','2018-04-20','7',1),(1367,'8','RR','2018-05-01','8',1),(1368,'9','RR','2018-05-06','9',1),(1369,'10','RR','2018-06-10','10',1),(1370,'11','RR','2018-06-20','11',1),(1371,'12','RR','2018-07-02','12',1),(1372,'13','RR','2018-07-08','13',1),(1373,'14','RR','2018-07-12','14',1),(1374,'15','RR','2018-07-20','15',1),(1375,'16','RR','2018-07-28','16',1),(1376,'17','RR','2018-08-01','17',1),(1377,'18','RR','2018-08-05','18',1),(1378,'19','RR','2018-08-10','19',1),(1379,'20','RR','2018-08-20','20',1),(1380,'21','RR','2018-08-25','21',1),(1381,'22','RR','2018-08-29','22',1),(1382,'23','RR','2018-09-01','23',1),(1383,'24','RR','2018-09-05','24',1),(1384,'25','RR','2018-09-10','25',1),(1385,'26','RR','2018-09-20','26',1),(1386,'27','RR','2018-09-25','27',1),(1387,'28','RR','2018-09-30','28',1),(1388,'29','RR','2018-10-01','29',1),(1389,'30','RR','2018-10-05','30',1),(1390,'31','RR','2018-10-10','31',1),(1391,'32','RR','2018-10-25','32',1),(1392,'33','RR','2018-10-30','33',1),(1393,'34','RR','2018-11-01','34',1),(1394,'35','RR','2018-11-05','35',1),(1395,'36','RR','2018-11-10','36',1),(1396,'37','RR','2018-11-15','37',1),(1397,'38','RR','2018-11-20','38',1),(1398,'39','RR','2018-11-25','39',1),(1399,'40','RR','2018-11-30','40',1),(1400,'41','RR','2018-12-01','41',1),(1401,'42','RR','2018-12-05','42',1),(1402,'43','RR','2018-12-10','43',1),(1403,'44','RR','2018-12-15','44',1),(1404,'45','RR','2018-12-20','45',1),(1405,'46','RR','2018-12-25','46',1),(1406,'47','RR','2018-12-28','47',1),(1407,'48','RR','2019-01-01','48',1),(1408,'49','RR','2019-01-10','49',1),(1409,'50','RR','2019-01-25','50',1),(1410,'51','RR','2018-04-15','51',1),(1411,'52','RR','2018-04-15','52',1),(1412,'53','RR','2018-04-14','53',1),(1413,'54','RR','2018-04-14','54',1),(1414,'55','RR','2019-01-03','55',1),(1415,'56','RR','2018-04-14','56',1),(1416,'57','RR','2018-04-16','57',1),(1417,'58','RR','2018-04-19','58',1),(1418,'59','RR','2018-04-28','59',1),(1419,'60','RR','2018-04-28','60',1),(1420,'61','RR','2018-04-29','61',1),(1421,'62','RR','2019-01-03','62',1),(1422,'63','RR','2018-05-13','63',1),(1423,'64','RR','2018-05-16','64',1),(1424,'65','RR','2018-05-18','65',1),(1425,'66','RR','2018-05-31','66',1),(1426,'67','RR','2018-06-02','67',1),(1427,'68','RR','2018-06-08','68',1),(1428,'69','RR','2018-06-18','69',1),(1429,'70','RR','2018-06-18','70',1),(1430,'71','RR','2018-06-23','71',1),(1431,'72','RR','2018-06-23','72',1),(1432,'73','RR','2019-04-12','73',1),(1433,'1','R','13/04/2018','1',NULL),(1434,'2','R','13/04/2018','2',NULL),(1435,'3','R','14/04/2018','3',NULL),(1436,'4','R','14/04/2018','4',NULL),(1437,'5','R','14/04/2018','5',NULL),(1438,'6','R','16/04/2018','6',NULL),(1439,'7','R','17/04/2018','7',NULL),(1440,'8','R','27/04/2018','8',NULL),(1441,'9','R','28/04/2018','9',NULL),(1442,'10','R','29/04/2018','10',NULL),(1443,'11','R','13/05/2018','11',NULL),(1444,'12','R','16/05/2018','12',NULL),(1445,'13','R','17/05/2018','13',NULL),(1446,'14','R','31/05/2018','14',NULL),(1447,'15','R','02/06/2018','15',NULL),(1448,'16','R','08/06/2018','16',NULL),(1449,'17','R','15/06/2018','17',NULL),(1450,'18','R','18/06/2018','18',NULL),(1451,'19','R','21/06/2018','19',NULL),(1452,'20','R','23/06/2018','20',NULL),(1453,'21','R','01/01/2019','21',NULL),(1454,'22','R','03/01/2019','22',NULL);
/*!40000 ALTER TABLE `recibos_de_compra` ENABLE KEYS */;
UNLOCK TABLES;

--
-- Table structure for table `rentas`
--

DROP TABLE IF EXISTS `rentas`;
/*!40101 SET @saved_cs_client     = @@character_set_client */;
/*!40101 SET character_set_client = utf8 */;
CREATE TABLE `rentas` (
  `id` bigint(20) unsigned NOT NULL AUTO_INCREMENT,
  `id_cliente` varchar(100) DEFAULT NULL,
  `id_reservacion` varchar(100) DEFAULT NULL,
  `id_empleado` varchar(100) DEFAULT NULL,
  `f_entrada` varchar(100) DEFAULT NULL,
  `f_salida` varchar(100) DEFAULT NULL,
  `error` tinyint(1) DEFAULT NULL,
  PRIMARY KEY (`id`),
  UNIQUE KEY `id` (`id`)
) ENGINE=InnoDB AUTO_INCREMENT=30 DEFAULT CHARSET=utf8;
/*!40101 SET character_set_client = @saved_cs_client */;

--
-- Dumping data for table `rentas`
--

LOCK TABLES `rentas` WRITE;
/*!40000 ALTER TABLE `rentas` DISABLE KEYS */;
INSERT INTO `rentas` VALUES (1,'1','2','1','2018-12-24','2019-01-01',1),(2,'10',NULL,'2','2018-01-01','2018-01-05',1),(3,'15',NULL,'1','2018-01-01','2018-01-10',1),(4,'20',NULL,'3','2018-01-01','2018-01-03',1),(5,'5',NULL,'4','2018-01-01','2018-01-05',1),(6,'6',NULL,'5','2018-01-01','2018-01-03',1),(7,'7',NULL,'1','2018-01-01','2018-01-06',1),(8,'8',NULL,'2','2018-01-11','2018-01-15',1),(9,'11',NULL,'1','2018-01-11','2018-01-15',1),(10,'12',NULL,'2','2018-01-11','2018-01-15',1),(11,'13',NULL,'3','2018-01-11','2018-01-15',1),(12,'2',NULL,'1','2018-02-01','2018-02-05',1),(13,'3',NULL,'2','2018-02-03','2018-02-06',1),(14,'4',NULL,'3','2018-02-03','2018-02-06',1),(15,'5',NULL,'4','2018-02-06','2018-02-10',1),(16,'6',NULL,'2','2018-03-01','2018-03-05',1),(17,'7',NULL,'1','2018-03-01','2018-03-05',1),(18,'8',NULL,'3','2018-08-23','2018-08-28',1),(19,'9',NULL,'4','2018-10-10','2018-10-15',1),(20,'10',NULL,'3','2018-12-10','2018-12-15',1),(21,'20',NULL,'1','2019-01-01','2019-01-05',1),(22,'19',NULL,'2','2019-01-01','2019-01-05',1),(23,'18',NULL,'4','2019-01-01','2019-01-05',1),(24,'17',NULL,'1','2019-01-10','2019-01-15',1),(25,'1',NULL,'2','2019-01-10','2019-01-15',1),(26,'2',NULL,'3','2019-01-10','2019-01-15',1),(27,'3',NULL,'1','2019-01-20','2019-01-25',1),(28,'4',NULL,'4','2019-01-20','2019-01-25',1),(29,'5',NULL,'1','2019-01-20','2019-01-25',1);
/*!40000 ALTER TABLE `rentas` ENABLE KEYS */;
UNLOCK TABLES;

--
-- Table structure for table `reportes_perdida_robo`
--

DROP TABLE IF EXISTS `reportes_perdida_robo`;
/*!40101 SET @saved_cs_client     = @@character_set_client */;
/*!40101 SET character_set_client = utf8 */;
CREATE TABLE `reportes_perdida_robo` (
  `id` bigint(20) unsigned NOT NULL AUTO_INCREMENT,
  `cantidad` varchar(100) DEFAULT NULL,
  `fecha` varchar(100) DEFAULT NULL,
  `id_servicio_limpieza` varchar(100) DEFAULT NULL,
  `id_habitacion` varchar(100) DEFAULT NULL,
  `id_empleado` varchar(100) DEFAULT NULL,
  `id_material` varchar(100) DEFAULT NULL,
  `error` tinyint(1) DEFAULT NULL,
  PRIMARY KEY (`id`),
  UNIQUE KEY `id` (`id`)
) ENGINE=InnoDB AUTO_INCREMENT=10 DEFAULT CHARSET=utf8;
/*!40101 SET character_set_client = @saved_cs_client */;

--
-- Dumping data for table `reportes_perdida_robo`
--

LOCK TABLES `reportes_perdida_robo` WRITE;
/*!40000 ALTER TABLE `reportes_perdida_robo` DISABLE KEYS */;
INSERT INTO `reportes_perdida_robo` VALUES (1,'1','2018-02-01','1','1','6','28',NULL),(2,'1','2018-02-01','4','2','9','21',NULL),(3,'1','2018-05-01','7','3','12','19',NULL),(4,'1','2018-05-01','10','4','15','21',NULL),(5,'1','2018-06-03','13','5','18','21',NULL),(6,'1','2019-05-05','16','6','6','21',NULL),(7,'1','2019-05-05','19','7','9','21',NULL),(8,'1','2019-10-05','22','8','12','21',NULL),(9,'1','2019-10-05','25','9','15','28',NULL);
/*!40000 ALTER TABLE `reportes_perdida_robo` ENABLE KEYS */;
UNLOCK TABLES;

--
-- Table structure for table `reservacion_por_habitacion`
--

DROP TABLE IF EXISTS `reservacion_por_habitacion`;
/*!40101 SET @saved_cs_client     = @@character_set_client */;
/*!40101 SET character_set_client = utf8 */;
CREATE TABLE `reservacion_por_habitacion` (
  `id` bigint(20) unsigned NOT NULL AUTO_INCREMENT,
  `f_reservacion` varchar(100) DEFAULT NULL,
  `hora` varchar(100) DEFAULT NULL,
  `id_cliente` varchar(100) DEFAULT NULL,
  `id_empleado` varchar(100) DEFAULT NULL,
  `errror` tinyint(1) DEFAULT NULL,
  PRIMARY KEY (`id`),
  UNIQUE KEY `id` (`id`)
) ENGINE=InnoDB DEFAULT CHARSET=utf8;
/*!40101 SET character_set_client = @saved_cs_client */;

--
-- Dumping data for table `reservacion_por_habitacion`
--

LOCK TABLES `reservacion_por_habitacion` WRITE;
/*!40000 ALTER TABLE `reservacion_por_habitacion` DISABLE KEYS */;
/*!40000 ALTER TABLE `reservacion_por_habitacion` ENABLE KEYS */;
UNLOCK TABLES;

--
-- Table structure for table `reservaciones`
--

DROP TABLE IF EXISTS `reservaciones`;
/*!40101 SET @saved_cs_client     = @@character_set_client */;
/*!40101 SET character_set_client = utf8 */;
CREATE TABLE `reservaciones` (
  `id` bigint(20) unsigned NOT NULL AUTO_INCREMENT,
  `f_entrada` varchar(100) DEFAULT NULL,
  `f_salida` varchar(100) DEFAULT NULL,
  `f_reservacion` varchar(100) DEFAULT NULL,
  `estado` varchar(100) DEFAULT NULL,
  `id_cliente` varchar(100) DEFAULT NULL,
  `id_empleado` varchar(100) DEFAULT NULL,
  `error` tinyint(1) DEFAULT NULL,
  PRIMARY KEY (`id`),
  UNIQUE KEY `id` (`id`)
) ENGINE=InnoDB AUTO_INCREMENT=1181 DEFAULT CHARSET=utf8;
/*!40101 SET character_set_client = @saved_cs_client */;

--
-- Dumping data for table `reservaciones`
--

LOCK TABLES `reservaciones` WRITE;
/*!40000 ALTER TABLE `reservaciones` DISABLE KEYS */;
INSERT INTO `reservaciones` VALUES (1122,'2019-05-01','2019-05-10','2019-04-08','Activa8','1','1',1),(1123,'2018-12-24','2019-01-01','2018-12-20','Activa','1','2',1),(1124,'2019-05-01','2019-05-05','2019-04-08','Activa','2','3',1),(1125,'2019-05-01','2019-05-15','2019-04-08','Activa','3','1',1),(1126,'2019-05-01','2019-05-05','2019-04-08','Activa','4','4',1),(1127,'2019-05-01','2019-05-03','2019-04-08','Activa','5','1',1),(1128,'2019-04-01','2019-04-05','2019-03-28','Cancelada0','6','5',1),(1129,'2019-05-01','2019-05-15','2019-04-08','Activa','7','1',1),(1130,'2019-05-01','2019-05-04','2019-04-05','Activa','8','3',1),(1131,'2019-05-01','2019-05-02','2019-04-08','Activa','9','2',1),(1132,'2019-05-01','2019-05-10','2019-04-03','Activa','10','2',1),(1133,'2019-05-16','2019-05-17','2019-05-10','Activa','11','1',1),(1134,'2019-05-16','2019-05-20','2019-05-11','Activa','12','2',1),(1135,'2019-05-16','2019-05-20','2019-05-10','Activa','13','3',1),(1136,'2019-05-16','2019-05-18','2019-05-11','Activa','14','4',1),(1137,'2019-05-16','2019-05-17','2019-05-12','Activa','15','5',1),(1138,'2019-05-16','2019-05-22','2019-05-14','Activa','16','4',1),(1139,'2018-12-24','2019-01-01','2018-12-20','Activa3','3','2',1),(1140,'2018-08-23','2018-08-30','2018-08-20','Cancelada','16','1',1),(1141,'2018-12-24','2019-01-01','2018-12-20','Activa','9','2',1),(1142,'2019-05-23','2019-05-30','2019-04-09','Activa','17','5',1),(1143,'2019-05-23','2019-05-25','2019-04-09','Activa','18','3',1),(1144,'2019-05-23','2019-05-28','2019-04-09','Activa','19','1',1),(1145,'2019-05-23','2019-05-28','2019-04-09','Activa','20','2',1),(1146,'2019-06-01','2019-06-05','2019-04-11','Activa5','21','1',1),(1147,'2019-06-01','2019-06-10','2019-04-11','Activa','22','2',1),(1148,'2019-06-05','2019-06-10','2019-04-11','Cancelada','23','3',1),(1149,'2019-06-11','2019-06-15','2019-04-11','Activa0','24','4',1),(1150,'2019-06-16','2019-06-20','2019-04-11','Activa','25','1',1),(1151,'2019-06-20','2019-06-25','2019-04-11','Activa','26','2',1),(1152,'2019-06-01','2019-06-05','2019-04-11','Activa','27','1',1),(1153,'2019-06-01','2019-06-10','2019-04-11','Activa','28','3',1),(1154,'2019-06-05','2019-06-10','2019-04-11','Activa','29','5',1),(1155,'2019-06-11','2019-06-15','2019-04-11','Activa','30','1',1),(1156,'2019-06-16','2019-06-20','2019-04-11','Activa','20','4',1),(1157,'2019-06-20','2019-06-25','2019-04-11','Activa','21','2',1),(1158,'2019-06-01','2019-06-05','2019-04-11','Activa','22','4',1),(1159,'2019-06-01','2019-06-10','2019-04-11','Activa','23','1',1),(1160,'2019-06-05','2019-06-10','2019-04-11','Activa','24','2',1),(1161,'2019-06-11','2019-06-15','2019-04-11','Activa','25','1',1),(1162,'2019-06-16','2019-06-20','2019-04-11','Activa','26','3',1),(1163,'2019-06-20','2019-06-25','2019-04-11','Activa','27','1',1),(1164,'2019-06-01','2019-06-05','2019-04-12','Activa','28','2',1),(1165,'2019-06-01','2019-06-10','2019-04-12','Activa3','29','1',1),(1166,'2019-06-05','2019-06-10','2019-04-12','Cancelada','30','1',1),(1167,'2019-06-11','2019-06-15','2019-04-12','Activa','22','4',1),(1168,'2019-06-16','2019-06-20','2019-04-12','Activa','23','5',1),(1169,'2019-06-20','2019-06-25','2019-04-12','Activa','24','2',1),(1170,'2019-06-16','2019-06-20','2019-04-12','Cancelada4','25','4',1),(1171,'2019-06-20','2019-06-25','2019-04-12','Activa','26','1',1),(1172,'2019-06-21','2019-06-25','2019-04-13','Activa','27','1',1),(1173,'2019-06-21','2019-06-25','2019-04-13','Activa','28','2',1),(1174,'2019-06-21','2019-06-25','2019-04-13','Activa','29','1',1),(1175,'2019-06-21','2019-06-25','2019-04-13','Activa','30','2',1),(1176,'2019-06-21','2019-06-25','2019-04-13','Activa','31','1',1),(1177,'2019-06-21','2019-06-25','2019-04-13','Activa','32','2',1),(1178,'2019-06-21','2019-06-25','2019-04-13','Activa4','33','1',1),(1179,'2019-06-21','2019-06-25','2019-04-13','Activa','34','2',1),(1180,'2019-06-21','2019-06-25','2019-04-13','Activa','35','1',1);
/*!40000 ALTER TABLE `reservaciones` ENABLE KEYS */;
UNLOCK TABLES;

--
-- Table structure for table `reservaciones_en_restaurante`
--

DROP TABLE IF EXISTS `reservaciones_en_restaurante`;
/*!40101 SET @saved_cs_client     = @@character_set_client */;
/*!40101 SET character_set_client = utf8 */;
CREATE TABLE `reservaciones_en_restaurante` (
  `id` bigint(20) unsigned NOT NULL AUTO_INCREMENT,
  `f_reservacion` varchar(100) DEFAULT NULL,
  `hora` varchar(100) DEFAULT NULL,
  `id_cliente` varchar(100) DEFAULT NULL,
  `id_empleado` varchar(100) DEFAULT NULL,
  `error` tinyint(1) DEFAULT NULL,
  PRIMARY KEY (`id`),
  UNIQUE KEY `id` (`id`)
) ENGINE=InnoDB AUTO_INCREMENT=33 DEFAULT CHARSET=utf8;
/*!40101 SET character_set_client = @saved_cs_client */;

--
-- Dumping data for table `reservaciones_en_restaurante`
--

LOCK TABLES `reservaciones_en_restaurante` WRITE;
/*!40000 ALTER TABLE `reservaciones_en_restaurante` DISABLE KEYS */;
INSERT INTO `reservaciones_en_restaurante` VALUES (1,'2019-04-01 00:00:00','1899-12-30 12:00:00','1','5',1),(2,'2019-04-01 00:00:00','1899-12-30 13:00:00','3','5',1),(3,'2019-04-02 00:00:00','1899-12-30 11:00:00','5','5',1),(4,'2019-04-02 00:00:00','1899-12-30 10:00:00','7','5',1),(5,'2019-04-03 00:00:00','1899-12-30 10:00:00','4','5',1),(6,'2019-04-03 00:00:00','1899-12-30 11:00:00','8','5',1),(7,'2019-04-03 00:00:00','1899-12-30 12:00:00','6','5',1),(8,'2019-04-03 00:00:00','1899-12-30 13:00:00','9','5',1),(9,'2019-04-03 00:00:00','1899-12-30 13:00:00','2','5',1),(10,'2019-04-03 00:00:00','1899-12-30 13:00:00','10','5',1),(11,'2019-04-03 00:00:00','1899-12-30 14:00:00','11','14',1),(12,'2019-04-03 00:00:00','1899-12-30 14:00:00','13','14',1),(13,'2019-04-03 00:00:00','1899-12-30 15:00:00','15','14',1),(14,'2019-04-04 00:00:00','1899-12-30 16:00:00','16','14',1),(15,'2019-04-04 00:00:00','1899-12-30 16:00:00','8','14',1),(16,'2019-04-04 00:00:00','1899-12-30 16:00:00','9','14',1),(17,'2019-04-04 00:00:00','1899-12-30 17:00:00','18','14',1),(18,'2019-04-04 00:00:00','1899-12-30 18:00:00','19','14',1),(19,'2019-04-04 00:00:00','1899-12-30 18:00:00','21','14',1),(20,'2019-04-04 00:00:00','1899-12-30 18:00:00','23','14',1),(21,'2019-04-04 00:00:00','1899-12-30 19:00:00','24','14',1),(22,'2019-04-05 00:00:00','1899-12-30 08:00:00','3','5',1),(23,'2019-04-05 00:00:00','1899-12-30 08:00:00','4','5',1),(24,'2019-04-05 00:00:00','1899-12-30 09:00:00','5','5',1),(25,'2019-04-05 00:00:00','1899-12-30 10:00:00','27','5',1),(26,'2019-04-05 00:00:00','1899-12-30 11:00:00','28','5',1),(27,'2019-04-05 00:00:00','1899-12-30 12:00:00','30','5',1),(28,'2019-04-05 00:00:00','1899-12-30 12:00:00','31','5',1),(29,'2019-04-07 00:00:00','1899-12-30 13:00:00','29','5',1),(30,'2019-04-08 00:00:00','1899-12-30 09:00:00','33','5',1),(31,'2019-04-09 00:00:00','1899-12-30 10:00:00','40','5',1),(32,'2019-04-09 00:00:00','1899-12-30 12:00:00','42','5',1);
/*!40000 ALTER TABLE `reservaciones_en_restaurante` ENABLE KEYS */;
UNLOCK TABLES;

--
-- Table structure for table `schema_migrations`
--

DROP TABLE IF EXISTS `schema_migrations`;
/*!40101 SET @saved_cs_client     = @@character_set_client */;
/*!40101 SET character_set_client = utf8 */;
CREATE TABLE `schema_migrations` (
  `version` varchar(255) NOT NULL,
  PRIMARY KEY (`version`)
) ENGINE=InnoDB DEFAULT CHARSET=utf8;
/*!40101 SET character_set_client = @saved_cs_client */;

--
-- Dumping data for table `schema_migrations`
--

LOCK TABLES `schema_migrations` WRITE;
/*!40000 ALTER TABLE `schema_migrations` DISABLE KEYS */;
INSERT INTO `schema_migrations` VALUES ('20190416161952'),('20190421213214');
/*!40000 ALTER TABLE `schema_migrations` ENABLE KEYS */;
UNLOCK TABLES;

--
-- Table structure for table `servicio_hotel`
--

DROP TABLE IF EXISTS `servicio_hotel`;
/*!40101 SET @saved_cs_client     = @@character_set_client */;
/*!40101 SET character_set_client = utf8 */;
CREATE TABLE `servicio_hotel` (
  `id` bigint(20) unsigned NOT NULL AUTO_INCREMENT,
  `id_habitacion` varchar(100) DEFAULT NULL,
  `fecha` varchar(100) DEFAULT NULL,
  `error` tinyint(1) DEFAULT NULL,
  PRIMARY KEY (`id`),
  UNIQUE KEY `id` (`id`)
) ENGINE=InnoDB AUTO_INCREMENT=291 DEFAULT CHARSET=utf8;
/*!40101 SET character_set_client = @saved_cs_client */;

--
-- Dumping data for table `servicio_hotel`
--

LOCK TABLES `servicio_hotel` WRITE;
/*!40000 ALTER TABLE `servicio_hotel` DISABLE KEYS */;
INSERT INTO `servicio_hotel` VALUES (281,'1','2019-04-10 00:00:00',1),(282,'2','2019-04-10 00:00:00',1),(283,'3','2019-04-11 00:00:00',1),(284,'4','2019-04-12 00:00:00',1),(285,'5','2019-04-12 00:00:00',1),(286,'8','2019-04-13 00:00:00',1),(287,'9','2019-04-13 00:00:00',1),(288,'10','2019-04-13 00:00:00',1),(289,'12','2019-04-14 00:00:00',1),(290,'15','2019-04-15 00:00:00',1);
/*!40000 ALTER TABLE `servicio_hotel` ENABLE KEYS */;
UNLOCK TABLES;

--
-- Table structure for table `servicios`
--

DROP TABLE IF EXISTS `servicios`;
/*!40101 SET @saved_cs_client     = @@character_set_client */;
/*!40101 SET character_set_client = utf8 */;
CREATE TABLE `servicios` (
  `id` bigint(20) unsigned NOT NULL AUTO_INCREMENT,
  `nombre` varchar(100) DEFAULT NULL,
  `error` tinyint(1) DEFAULT NULL,
  PRIMARY KEY (`id`),
  UNIQUE KEY `id` (`id`)
) ENGINE=InnoDB AUTO_INCREMENT=7 DEFAULT CHARSET=utf8;
/*!40101 SET character_set_client = @saved_cs_client */;

--
-- Dumping data for table `servicios`
--

LOCK TABLES `servicios` WRITE;
/*!40000 ALTER TABLE `servicios` DISABLE KEYS */;
INSERT INTO `servicios` VALUES (1,'Telefono',NULL),(2,'Internet',NULL),(3,'Tintoreria',NULL),(4,'Desayuno ',1),(5,'Despertador',NULL),(6,'Resraurant-Bar',NULL);
/*!40000 ALTER TABLE `servicios` ENABLE KEYS */;
UNLOCK TABLES;

--
-- Table structure for table `servicios_a_habitacion`
--

DROP TABLE IF EXISTS `servicios_a_habitacion`;
/*!40101 SET @saved_cs_client     = @@character_set_client */;
/*!40101 SET character_set_client = utf8 */;
CREATE TABLE `servicios_a_habitacion` (
  `id` bigint(20) unsigned NOT NULL AUTO_INCREMENT,
  `id_habitacion_rentada` varchar(100) DEFAULT NULL,
  `id_renta` varchar(100) DEFAULT NULL,
  `id_historico_servicio` varchar(100) DEFAULT NULL,
  `id_empleado` varchar(100) DEFAULT NULL,
  `error` tinyint(1) DEFAULT NULL,
  PRIMARY KEY (`id`),
  UNIQUE KEY `id` (`id`)
) ENGINE=InnoDB AUTO_INCREMENT=20 DEFAULT CHARSET=utf8;
/*!40101 SET character_set_client = @saved_cs_client */;

--
-- Dumping data for table `servicios_a_habitacion`
--

LOCK TABLES `servicios_a_habitacion` WRITE;
/*!40000 ALTER TABLE `servicios_a_habitacion` DISABLE KEYS */;
INSERT INTO `servicios_a_habitacion` VALUES (1,'1','1','1','6',NULL),(2,'1','12','1','7',NULL),(3,'2','13','2','8',NULL),(4,'3','14','3','9',NULL),(5,'4','15','4','10',NULL),(6,'5','16','5','11',NULL),(7,'6','17','1','12',NULL),(8,'7','18','2','13',NULL),(9,'8','19','3','14',NULL),(10,'9','20','4','15',NULL),(11,'10','21','5','16',NULL),(12,'11','22','1','17',NULL),(13,'12','23','2','18',NULL),(14,'13','24','3','19',NULL),(15,'14','25','4','20',NULL),(16,'15','26','5','6',NULL),(17,'16','27','1','7',NULL),(18,'17','28','2','10',NULL),(19,'18','29','3','11',NULL);
/*!40000 ALTER TABLE `servicios_a_habitacion` ENABLE KEYS */;
UNLOCK TABLES;

--
-- Table structure for table `servicios_limpieza`
--

DROP TABLE IF EXISTS `servicios_limpieza`;
/*!40101 SET @saved_cs_client     = @@character_set_client */;
/*!40101 SET character_set_client = utf8 */;
CREATE TABLE `servicios_limpieza` (
  `id` bigint(20) unsigned NOT NULL AUTO_INCREMENT,
  `nombre` varchar(100) DEFAULT NULL,
  `error` tinyint(1) DEFAULT NULL,
  PRIMARY KEY (`id`),
  UNIQUE KEY `id` (`id`)
) ENGINE=InnoDB AUTO_INCREMENT=4 DEFAULT CHARSET=utf8;
/*!40101 SET character_set_client = @saved_cs_client */;

--
-- Dumping data for table `servicios_limpieza`
--

LOCK TABLES `servicios_limpieza` WRITE;
/*!40000 ALTER TABLE `servicios_limpieza` DISABLE KEYS */;
INSERT INTO `servicios_limpieza` VALUES (1,'Limpieza de habitacion',NULL),(2,'Cambio de sabanas',NULL),(3,'Limpieza de ba?o\r\n',NULL);
/*!40000 ALTER TABLE `servicios_limpieza` ENABLE KEYS */;
UNLOCK TABLES;

--
-- Table structure for table `servicios_limpieza_por_habitacion`
--

DROP TABLE IF EXISTS `servicios_limpieza_por_habitacion`;
/*!40101 SET @saved_cs_client     = @@character_set_client */;
/*!40101 SET character_set_client = utf8 */;
CREATE TABLE `servicios_limpieza_por_habitacion` (
  `id` bigint(20) unsigned NOT NULL AUTO_INCREMENT,
  `fecha` varchar(100) DEFAULT NULL,
  `id_servicio_limpieza` varchar(100) DEFAULT NULL,
  `id_habitacion` varchar(100) DEFAULT NULL,
  `id_empleado` varchar(100) DEFAULT NULL,
  `error` tinyint(1) DEFAULT NULL,
  PRIMARY KEY (`id`),
  UNIQUE KEY `id` (`id`)
) ENGINE=InnoDB AUTO_INCREMENT=28 DEFAULT CHARSET=utf8;
/*!40101 SET character_set_client = @saved_cs_client */;

--
-- Dumping data for table `servicios_limpieza_por_habitacion`
--

LOCK TABLES `servicios_limpieza_por_habitacion` WRITE;
/*!40000 ALTER TABLE `servicios_limpieza_por_habitacion` DISABLE KEYS */;
INSERT INTO `servicios_limpieza_por_habitacion` VALUES (1,'2018-02-01','1','1','6',1),(2,'2018-02-01','2','1','7',1),(3,'2018-02-01','3','1','8',1),(4,'2018-02-01','1','2','9',1),(5,'2018-02-01','2','2','10',1),(6,'2018-02-01','3','2','11',1),(7,'2018-05-01','1','3','12',1),(8,'2018-05-01','2','3','13',1),(9,'2018-05-01','3','3','14',1),(10,'2018-05-01','1','4','15',1),(11,'2018-05-01','2','4','16',1),(12,'2018-05-01','3','4','17',1),(13,'2018-06-03','1','5','18',1),(14,'2018-06-03','2','5','19',1),(15,'2018-06-03','3','5','20',1),(16,'2019-05-05','1','6','6',1),(17,'2019-05-05','2','6','7',1),(18,'2019-05-05','3','6','8',1),(19,'2019-05-05','1','7','9',1),(20,'2019-05-05','2','7','10',1),(21,'2019-05-05','3','7','11',1),(22,'2019-10-05','1','8','12',1),(23,'2019-10-05','2','8','13',1),(24,'2019-10-05','3','8','14',1),(25,'2019-10-05','1','9','15',1),(26,'2019-10-05','2','9','16',1),(27,'2019-10-05','3','9','17',1);
/*!40000 ALTER TABLE `servicios_limpieza_por_habitacion` ENABLE KEYS */;
UNLOCK TABLES;

--
-- Table structure for table `servicios_por_paquete`
--

DROP TABLE IF EXISTS `servicios_por_paquete`;
/*!40101 SET @saved_cs_client     = @@character_set_client */;
/*!40101 SET character_set_client = utf8 */;
CREATE TABLE `servicios_por_paquete` (
  `id` bigint(20) unsigned NOT NULL AUTO_INCREMENT,
  `id_historico_servicio` varchar(100) DEFAULT NULL,
  `id_paquete` varchar(10) DEFAULT NULL,
  `error` tinyint(1) DEFAULT NULL,
  PRIMARY KEY (`id`),
  UNIQUE KEY `id` (`id`)
) ENGINE=InnoDB AUTO_INCREMENT=7 DEFAULT CHARSET=utf8;
/*!40101 SET character_set_client = @saved_cs_client */;

--
-- Dumping data for table `servicios_por_paquete`
--

LOCK TABLES `servicios_por_paquete` WRITE;
/*!40000 ALTER TABLE `servicios_por_paquete` DISABLE KEYS */;
INSERT INTO `servicios_por_paquete` VALUES (1,'1','1',NULL),(2,'2','1',NULL),(3,'6','1',NULL),(4,'4','3',NULL),(5,'4','4',NULL),(6,'4','5',NULL);
/*!40000 ALTER TABLE `servicios_por_paquete` ENABLE KEYS */;
UNLOCK TABLES;

--
-- Table structure for table `solicitudes_de_mantenimiento`
--

DROP TABLE IF EXISTS `solicitudes_de_mantenimiento`;
/*!40101 SET @saved_cs_client     = @@character_set_client */;
/*!40101 SET character_set_client = utf8 */;
CREATE TABLE `solicitudes_de_mantenimiento` (
  `id` bigint(20) unsigned NOT NULL AUTO_INCREMENT,
  `id_empleado` varchar(100) DEFAULT NULL,
  `id_equipo_por_recibo` varchar(100) DEFAULT NULL,
  `f_solicitud` varchar(100) DEFAULT NULL,
  `f_recibo` varchar(100) DEFAULT NULL,
  `estado` varchar(100) DEFAULT NULL,
  `motivo` varchar(100) DEFAULT NULL,
  `tipo` varchar(100) DEFAULT NULL,
  `error` tinyint(1) DEFAULT NULL,
  PRIMARY KEY (`id`),
  UNIQUE KEY `id` (`id`)
) ENGINE=InnoDB AUTO_INCREMENT=6 DEFAULT CHARSET=utf8;
/*!40101 SET character_set_client = @saved_cs_client */;

--
-- Dumping data for table `solicitudes_de_mantenimiento`
--

LOCK TABLES `solicitudes_de_mantenimiento` WRITE;
/*!40000 ALTER TABLE `solicitudes_de_mantenimiento` DISABLE KEYS */;
/*!40000 ALTER TABLE `solicitudes_de_mantenimiento` ENABLE KEYS */;
UNLOCK TABLES;

--
-- Table structure for table `tipos_de_producto`
--

DROP TABLE IF EXISTS `tipos_de_producto`;
/*!40101 SET @saved_cs_client     = @@character_set_client */;
/*!40101 SET character_set_client = utf8 */;
CREATE TABLE `tipos_de_producto` (
  `id` bigint(20) unsigned NOT NULL AUTO_INCREMENT,
  `tipo` varchar(100) DEFAULT NULL,
  `error` tinyint(1) DEFAULT NULL,
  PRIMARY KEY (`id`),
  UNIQUE KEY `id` (`id`)
) ENGINE=InnoDB AUTO_INCREMENT=3 DEFAULT CHARSET=utf8;
/*!40101 SET character_set_client = @saved_cs_client */;

--
-- Dumping data for table `tipos_de_producto`
--

LOCK TABLES `tipos_de_producto` WRITE;
/*!40000 ALTER TABLE `tipos_de_producto` DISABLE KEYS */;
INSERT INTO `tipos_de_producto` VALUES (1,'bebida',NULL),(2,'alimento',NULL);
/*!40000 ALTER TABLE `tipos_de_producto` ENABLE KEYS */;
UNLOCK TABLES;

--
-- Table structure for table `tipos_medidas`
--

DROP TABLE IF EXISTS `tipos_medidas`;
/*!40101 SET @saved_cs_client     = @@character_set_client */;
/*!40101 SET character_set_client = utf8 */;
CREATE TABLE `tipos_medidas` (
  `id` bigint(20) unsigned NOT NULL AUTO_INCREMENT,
  `nombre` varchar(100) DEFAULT NULL,
  `error` tinyint(1) DEFAULT NULL,
  PRIMARY KEY (`id`),
  UNIQUE KEY `id` (`id`)
) ENGINE=InnoDB AUTO_INCREMENT=7 DEFAULT CHARSET=utf8;
/*!40101 SET character_set_client = @saved_cs_client */;

--
-- Dumping data for table `tipos_medidas`
--

LOCK TABLES `tipos_medidas` WRITE;
/*!40000 ALTER TABLE `tipos_medidas` DISABLE KEYS */;
INSERT INTO `tipos_medidas` VALUES (1,'gramos',NULL),(2,'tazas',NULL),(3,'cucharadas',NULL),(4,'piezas',NULL),(5,'ml',NULL),(6,'l',NULL);
/*!40000 ALTER TABLE `tipos_medidas` ENABLE KEYS */;
UNLOCK TABLES;

--
-- Table structure for table `users`
--

DROP TABLE IF EXISTS `users`;
/*!40101 SET @saved_cs_client     = @@character_set_client */;
/*!40101 SET character_set_client = utf8 */;
CREATE TABLE `users` (
  `id` bigint(20) NOT NULL AUTO_INCREMENT,
  `email` varchar(255) NOT NULL DEFAULT '',
  `encrypted_password` varchar(255) NOT NULL DEFAULT '',
  `reset_password_token` varchar(255) DEFAULT NULL,
  `reset_password_sent_at` datetime DEFAULT NULL,
  `remember_created_at` datetime DEFAULT NULL,
  `created_at` datetime NOT NULL,
  `updated_at` datetime NOT NULL,
  `role` int(11) DEFAULT NULL,
  PRIMARY KEY (`id`),
  UNIQUE KEY `index_users_on_email` (`email`),
  UNIQUE KEY `index_users_on_reset_password_token` (`reset_password_token`)
) ENGINE=InnoDB AUTO_INCREMENT=18 DEFAULT CHARSET=utf8;
/*!40101 SET character_set_client = @saved_cs_client */;

--
-- Dumping data for table `users`
--

LOCK TABLES `users` WRITE;
/*!40000 ALTER TABLE `users` DISABLE KEYS */;
INSERT INTO `users` VALUES (15,'example@michelada.io','$2a$11$9RBrJbRBLVWecvgVCjAiS.cZa8GslKmXSDDSFhkGZjSBZ9ZljWK.y',NULL,NULL,NULL,'2019-04-28 21:54:32','2019-04-28 21:54:32',3),(16,'ewe@edwe.we','$2a$11$ijjZ9UTKWOFGN6EhpP.40OD5d3nHFq9fHNDBTZXAnNQ.8Q2bDRCP6',NULL,NULL,NULL,'2019-04-28 21:54:57','2019-04-28 21:54:57',0),(17,'miguel.urbina@michelada.io','$2a$11$oGvrxLWxb3pdlcJaTXXRFOuQHPRo6rQ1dcgTVnMKTgE0qpVmBNFW2',NULL,NULL,NULL,'2019-04-28 21:55:34','2019-04-28 21:55:34',0);
/*!40000 ALTER TABLE `users` ENABLE KEYS */;
UNLOCK TABLES;

--
-- Table structure for table `vacantes`
--

DROP TABLE IF EXISTS `vacantes`;
/*!40101 SET @saved_cs_client     = @@character_set_client */;
/*!40101 SET character_set_client = utf8 */;
CREATE TABLE `vacantes` (
  `id` bigint(20) unsigned NOT NULL AUTO_INCREMENT,
  `nombre` varchar(100) DEFAULT NULL,
  `estado` varchar(100) DEFAULT NULL,
  `error` tinyint(1) DEFAULT NULL,
  PRIMARY KEY (`id`),
  UNIQUE KEY `id` (`id`)
) ENGINE=InnoDB AUTO_INCREMENT=9 DEFAULT CHARSET=utf8;
/*!40101 SET character_set_client = @saved_cs_client */;

--
-- Dumping data for table `vacantes`
--

LOCK TABLES `vacantes` WRITE;
/*!40000 ALTER TABLE `vacantes` DISABLE KEYS */;
INSERT INTO `vacantes` VALUES (1,'Recepcionista','1',NULL),(2,'Mesero','1',NULL),(3,'Ama de llaves','0',NULL),(4,'Licenciado en gatronomia','1',NULL),(5,'Ingeniero en sistemas','1',NULL),(6,'Masajista','1',NULL),(7,'Licenciado en finanzas','1',NULL),(8,'Licenciado en administración de recursos humanos','1',NULL);
/*!40000 ALTER TABLE `vacantes` ENABLE KEYS */;
UNLOCK TABLES;

--
-- Dumping routines for database 'dwh_tempory'
--
/*!40103 SET TIME_ZONE=@OLD_TIME_ZONE */;

/*!40101 SET SQL_MODE=@OLD_SQL_MODE */;
/*!40014 SET FOREIGN_KEY_CHECKS=@OLD_FOREIGN_KEY_CHECKS */;
/*!40014 SET UNIQUE_CHECKS=@OLD_UNIQUE_CHECKS */;
/*!40101 SET CHARACTER_SET_CLIENT=@OLD_CHARACTER_SET_CLIENT */;
/*!40101 SET CHARACTER_SET_RESULTS=@OLD_CHARACTER_SET_RESULTS */;
/*!40101 SET COLLATION_CONNECTION=@OLD_COLLATION_CONNECTION */;
/*!40111 SET SQL_NOTES=@OLD_SQL_NOTES */;

-- Dump completed on 2019-04-28 23:48:02
