-- MySQL dump 10.13  Distrib 5.7.23, for macos10.13 (x86_64)
--
-- Host: localhost    Database: DWH_tempory
-- ------------------------------------------------------
-- Server version	5.7.21

/*!40101 SET @OLD_CHARACTER_SET_CLIENT=@@CHARACTER_SET_CLIENT */;
/*!40101 SET @OLD_CHARACTER_SET_RESULTS=@@CHARACTER_SET_RESULTS */;
/*!40101 SET @OLD_COLLATION_CONNECTION=@@COLLATION_CONNECTION */;
/*!40101 SET NAMES utf8 */;
/*!40103 SET @OLD_TIME_ZONE=@@TIME_ZONE */;
/*!40103 SET TIME_ZONE='+00:00' */;
/*!40014 SET @OLD_UNIQUE_CHECKS=@@UNIQUE_CHECKS, UNIQUE_CHECKS=0 */;
/*!40014 SET @OLD_FOREIGN_KEY_CHECKS=@@FOREIGN_KEY_CHECKS, FOREIGN_KEY_CHECKS=0 */;
/*!40101 SET @OLD_SQL_MODE=@@SQL_MODE, SQL_MODE='NO_AUTO_VALUE_ON_ZERO' */;
/*!40111 SET @OLD_SQL_NOTES=@@SQL_NOTES, SQL_NOTES=0 */;

--
-- Table structure for table `accidentes_laborales`
--

DROP TABLE IF EXISTS `accidentes_laborales`;
/*!40101 SET @saved_cs_client     = @@character_set_client */;
/*!40101 SET character_set_client = utf8 */;
CREATE TABLE `accidentes_laborales` (
  `id` bigint(20) unsigned NOT NULL AUTO_INCREMENT,
  `id_empleado` varchar(100) DEFAULT NULL,
  `f_accidente` varchar(100) DEFAULT NULL,
  PRIMARY KEY (`id`),
  UNIQUE KEY `id` (`id`)
) ENGINE=InnoDB AUTO_INCREMENT=16 DEFAULT CHARSET=utf8;
/*!40101 SET character_set_client = @saved_cs_client */;

--
-- Dumping data for table `accidentes_laborales`
--

LOCK TABLES `accidentes_laborales` WRITE;
/*!40000 ALTER TABLE `accidentes_laborales` DISABLE KEYS */;
INSERT INTO `accidentes_laborales` VALUES (1,'2','2019-03-27'),(2,'3','2019-03-12'),(3,'5','2019-01-01'),(4,'5','2019-01-07'),(5,'10','2018-12-03'),(6,'20','2019-01-09'),(7,'24','2018-04-10'),(8,'31','2018-03-04'),(9,'9','2018-05-21'),(10,'38','2018-09-01'),(11,'27','2017-10-01'),(12,'42','2017-12-04'),(13,'11','2017-11-21'),(14,'19','2019-03-01'),(15,'28','2018-10-12');
/*!40000 ALTER TABLE `accidentes_laborales` ENABLE KEYS */;
UNLOCK TABLES;

--
-- Table structure for table `aplicaciones_a_vacante`
--

DROP TABLE IF EXISTS `aplicaciones_a_vacante`;
/*!40101 SET @saved_cs_client     = @@character_set_client */;
/*!40101 SET character_set_client = utf8 */;
CREATE TABLE `aplicaciones_a_vacante` (
  `id` bigint(20) unsigned NOT NULL AUTO_INCREMENT,
  `id_postulante` varchar(100) DEFAULT NULL,
  `id_vacante` varchar(100) DEFAULT NULL,
  PRIMARY KEY (`id`),
  UNIQUE KEY `id` (`id`)
) ENGINE=InnoDB AUTO_INCREMENT=7 DEFAULT CHARSET=utf8;
/*!40101 SET character_set_client = @saved_cs_client */;

--
-- Dumping data for table `aplicaciones_a_vacante`
--

LOCK TABLES `aplicaciones_a_vacante` WRITE;
/*!40000 ALTER TABLE `aplicaciones_a_vacante` DISABLE KEYS */;
INSERT INTO `aplicaciones_a_vacante` VALUES (1,'1','3'),(2,'1','2'),(3,'2','1'),(4,'3','4'),(5,'4','8'),(6,'5','6');
/*!40000 ALTER TABLE `aplicaciones_a_vacante` ENABLE KEYS */;
UNLOCK TABLES;

--
-- Table structure for table `ar_internal_metadata`
--

DROP TABLE IF EXISTS `ar_internal_metadata`;
/*!40101 SET @saved_cs_client     = @@character_set_client */;
/*!40101 SET character_set_client = utf8 */;
CREATE TABLE `ar_internal_metadata` (
  `key` varchar(255) NOT NULL,
  `value` varchar(255) DEFAULT NULL,
  `created_at` datetime NOT NULL,
  `updated_at` datetime NOT NULL,
  PRIMARY KEY (`key`)
) ENGINE=InnoDB DEFAULT CHARSET=utf8;
/*!40101 SET character_set_client = @saved_cs_client */;

--
-- Dumping data for table `ar_internal_metadata`
--

LOCK TABLES `ar_internal_metadata` WRITE;
/*!40000 ALTER TABLE `ar_internal_metadata` DISABLE KEYS */;
INSERT INTO `ar_internal_metadata` VALUES ('environment','development','2019-04-21 21:19:25','2019-04-21 21:36:02');
/*!40000 ALTER TABLE `ar_internal_metadata` ENABLE KEYS */;
UNLOCK TABLES;

--
-- Table structure for table `areas`
--

DROP TABLE IF EXISTS `areas`;
/*!40101 SET @saved_cs_client     = @@character_set_client */;
/*!40101 SET character_set_client = utf8 */;
CREATE TABLE `areas` (
  `id` bigint(20) unsigned NOT NULL AUTO_INCREMENT,
  `nombre` varchar(100) DEFAULT NULL,
  PRIMARY KEY (`id`),
  UNIQUE KEY `id` (`id`)
) ENGINE=InnoDB AUTO_INCREMENT=9 DEFAULT CHARSET=utf8;
/*!40101 SET character_set_client = @saved_cs_client */;

--
-- Dumping data for table `areas`
--

LOCK TABLES `areas` WRITE;
/*!40000 ALTER TABLE `areas` DISABLE KEYS */;
INSERT INTO `areas` VALUES (1,'Recursos Humanos'),(2,'Restaurante'),(3,'Recepción '),(4,'Finanzas'),(5,'Spa'),(6,'Mantenimiento'),(7,'General'),(8,'Lavandería');
/*!40000 ALTER TABLE `areas` ENABLE KEYS */;
UNLOCK TABLES;

--
-- Table structure for table `areas_de_empleado`
--

DROP TABLE IF EXISTS `areas_de_empleado`;
/*!40101 SET @saved_cs_client     = @@character_set_client */;
/*!40101 SET character_set_client = utf8 */;
CREATE TABLE `areas_de_empleado` (
  `id` bigint(20) unsigned NOT NULL AUTO_INCREMENT,
  `id_area` varchar(100) DEFAULT NULL,
  `id_empleado` varchar(100) DEFAULT NULL,
  `f_asignacion` varchar(100) DEFAULT NULL,
  PRIMARY KEY (`id`),
  UNIQUE KEY `id` (`id`)
) ENGINE=InnoDB AUTO_INCREMENT=53 DEFAULT CHARSET=utf8;
/*!40101 SET character_set_client = @saved_cs_client */;

--
-- Dumping data for table `areas_de_empleado`
--

LOCK TABLES `areas_de_empleado` WRITE;
/*!40000 ALTER TABLE `areas_de_empleado` DISABLE KEYS */;
INSERT INTO `areas_de_empleado` VALUES (1,'2','1','2009-03-31 19:16:43.579500'),(2,'2','2','2009-03-31 19:16:43.579600'),(3,'2','3','2009-03-31 19:16:43.579700'),(4,'2','4','2009-03-31 19:16:43.579800'),(5,'2','5','2009-03-31 19:16:43.579900'),(6,'2','6','2009-03-31 19:16:43.580000'),(7,'2','7','2009-03-31 19:16:43.580100'),(8,'2','8','2009-03-31 19:16:43.580200'),(9,'2','9','2009-03-31 19:16:43.580300'),(10,'2','10','2009-03-31 19:16:43.580400'),(11,'2','11','2009-03-31 19:16:43.580500'),(12,'2','11','2009-03-31 19:16:43.580600'),(13,'2','12','2009-03-31 19:16:43.580700'),(14,'2','13','2009-03-31 19:16:43.580800'),(15,'2','14','2009-03-31 19:16:43.580900'),(16,'2','15','2009-03-31 19:16:43.581000'),(17,'2','16','2009-03-31 19:16:43.581100'),(18,'2','17','2009-03-31 19:16:43.581200'),(19,'2','18','2009-03-31 19:16:43.581300'),(20,'2','19','2009-03-31 19:16:43.581400'),(21,'2','20','2009-03-31 19:16:43.581500'),(22,NULL,'1','2009-03-31 19:16:43.581600'),(23,'1','1','2015-02-28 19:16:43.580400'),(24,'7','21','2011-01-21 19:16:43.580300'),(25,'6','27','2012-11-12 19:16:43.580400'),(26,'4','31','2012-08-23 19:16:43.580500'),(27,'2','31',NULL),(28,'2','38','2004-02-28 19:16:43.580700'),(29,'1','47','2004-02-28 19:16:43.580800'),(30,'3','27','2004-02-28 19:16:43.580900'),(31,'5','27','2004-02-28 19:16:43.581000'),(32,'3','24','2004-02-28 19:16:43.581100'),(33,'3','25','2004-02-28 19:16:43.581200'),(34,'3','26','2004-02-28 19:16:43.581300'),(35,'3','28','2004-02-28 19:16:43.581400'),(36,'3','29','2004-02-28 19:16:43.581500'),(37,'6','30','2004-02-28 19:16:43.581600'),(38,'6','32','2004-02-28 19:16:43.581700'),(39,'6','32','2004-02-28 19:16:43.581800'),(40,'6','34','2004-02-28 19:16:43.581900'),(41,'6','35','2009-03-24 22:16:43.581900'),(42,'6','36','2009-03-24 22:16:43.582000'),(43,'6','37','2009-03-24 22:16:43.582100'),(44,'6','39','2009-03-24 22:16:43.582200'),(45,'6','40','2009-03-24 22:16:43.582300'),(46,'6','41','2009-03-24 22:16:43.582400'),(47,'6','42','2009-03-24 22:16:43.582500'),(48,'6','43','2009-03-24 22:16:43.582600'),(49,'6','44','2009-03-24 22:16:43.582700'),(50,'6','45','2009-03-24 22:16:43.582800'),(51,NULL,'46',NULL),(52,'2','47','2007-07-17 22:16:43.582900');
/*!40000 ALTER TABLE `areas_de_empleado` ENABLE KEYS */;
UNLOCK TABLES;

--
-- Table structure for table `asistencias`
--

DROP TABLE IF EXISTS `asistencias`;
/*!40101 SET @saved_cs_client     = @@character_set_client */;
/*!40101 SET character_set_client = utf8 */;
CREATE TABLE `asistencias` (
  `id` bigint(20) unsigned NOT NULL AUTO_INCREMENT,
  `id_empleado` varchar(100) DEFAULT NULL,
  `fecha` varchar(100) DEFAULT NULL,
  `hora_entrada` varchar(100) DEFAULT NULL,
  `hora_salida` varchar(100) DEFAULT NULL,
  PRIMARY KEY (`id`),
  UNIQUE KEY `id` (`id`)
) ENGINE=InnoDB AUTO_INCREMENT=377 DEFAULT CHARSET=utf8;
/*!40101 SET character_set_client = @saved_cs_client */;

--
-- Dumping data for table `asistencias`
--

LOCK TABLES `asistencias` WRITE;
/*!40000 ALTER TABLE `asistencias` DISABLE KEYS */;
INSERT INTO `asistencias` VALUES (1,'1','2019-03-31','2000-01-01 06:50:00 UTC','2000-01-01 15:00:00 UTC'),(2,'2','2019-03-31','2000-01-01 14:02:00 UTC','2000-01-01 22:00:00 UTC'),(3,'3','2019-03-31','2000-01-01 07:03:00 UTC','2000-01-01 15:10:00 UTC'),(4,'4','2019-03-31','2000-01-01 06:46:00 UTC','2000-01-01 15:13:00 UTC'),(5,'5','2019-03-31','2000-01-01 07:09:00 UTC','2000-01-01 15:01:00 UTC'),(6,'6','2019-03-31','2000-01-01 13:58:00 UTC','2000-01-01 21:56:00 UTC'),(7,'7','2019-03-31','2000-01-01 14:13:00 UTC','2000-01-01 22:09:00 UTC'),(8,'8','2019-03-31','2000-01-01 18:56:00 UTC','2000-01-01 01:57:00 UTC'),(9,'9','2019-03-31','2000-01-01 07:00:00 UTC','2000-01-01 15:02:00 UTC'),(10,'10','2019-03-31','2000-01-01 19:01:00 UTC','2000-01-01 02:04:00 UTC'),(11,'11','2019-03-31','2000-01-01 13:56:00 UTC','2000-01-01 22:12:00 UTC'),(12,'12','2019-03-31','2000-01-01 14:12:00 UTC','2000-01-01 22:20:00 UTC'),(13,'13','2019-03-31','2000-01-01 07:02:00 UTC','2000-01-01 15:03:00 UTC'),(14,'14','2019-03-31','2000-01-01 14:00:00 UTC','2000-01-01 22:00:00 UTC'),(15,'15','2019-03-31','2000-01-01 19:01:00 UTC','2000-01-01 02:03:00 UTC'),(16,'16','2019-03-31','2000-01-01 14:12:00 UTC','2000-01-01 22:02:00 UTC'),(17,'17','2019-03-31','2000-01-01 14:10:00 UTC','2000-01-01 22:13:00 UTC'),(18,'18','2019-03-31','2000-01-01 07:12:00 UTC','2000-01-01 15:12:00 UTC'),(19,'19','2019-03-31','2000-01-01 14:02:00 UTC','2000-01-01 22:12:00 UTC'),(20,'20','2019-03-31','2000-01-01 14:10:00 UTC','2000-01-01 22:03:00 UTC'),(21,'21','2019-03-31','2000-01-01 06:50:00 UTC','2000-01-01 15:00:00 UTC'),(22,'22','2019-03-31','2000-01-01 14:02:00 UTC','2000-01-01 22:00:00 UTC'),(23,'23','2019-03-31','2000-01-01 07:03:00 UTC','2000-01-01 15:10:00 UTC'),(24,'24','2019-03-31','2000-01-01 06:46:00 UTC','2000-01-01 15:13:00 UTC'),(25,'25','2019-03-31','2000-01-01 07:09:00 UTC','2000-01-01 15:01:00 UTC'),(26,'26','2019-03-31','2000-01-01 13:58:00 UTC','2000-01-01 21:56:00 UTC'),(27,'27','2019-03-31','2000-01-01 14:13:00 UTC','2000-01-01 22:09:00 UTC'),(28,'28','2019-03-31','2000-01-01 18:56:00 UTC','2000-01-01 01:57:00 UTC'),(29,'29','2019-03-31','2000-01-01 07:00:00 UTC','2000-01-01 15:02:00 UTC'),(30,'30','2019-03-31','2000-01-01 19:01:00 UTC','2000-01-01 02:04:00 UTC'),(31,'31','2019-03-31','2000-01-01 13:56:00 UTC','2000-01-01 22:12:00 UTC'),(32,'32','2019-03-31','2000-01-01 14:12:00 UTC','2000-01-01 22:20:00 UTC'),(33,'33','2019-03-31','2000-01-01 07:02:00 UTC','2000-01-01 15:03:00 UTC'),(34,'34','2019-03-31','2000-01-01 14:00:00 UTC','2000-01-01 22:00:00 UTC'),(35,'35','2019-03-31','2000-01-01 19:01:00 UTC','2000-01-01 02:03:00 UTC'),(36,'36','2019-03-31','2000-01-01 14:12:00 UTC','2000-01-01 22:02:00 UTC'),(37,'37','2019-03-31','2000-01-01 14:10:00 UTC','2000-01-01 22:13:00 UTC'),(38,'38','2019-03-31','2000-01-01 07:12:00 UTC','2000-01-01 15:12:00 UTC'),(39,'39','2019-03-31','2000-01-01 14:02:00 UTC','2000-01-01 22:12:00 UTC'),(40,'40','2019-03-31','2000-01-01 14:10:00 UTC','2000-01-01 22:03:00 UTC'),(41,'41','2019-03-31','2000-01-01 06:50:00 UTC','2000-01-01 15:00:00 UTC'),(42,'42','2019-03-31','2000-01-01 14:02:00 UTC','2000-01-01 22:00:00 UTC'),(43,'43','2019-03-31','2000-01-01 07:03:00 UTC','2000-01-01 15:10:00 UTC'),(44,'44','2019-03-31','2000-01-01 06:46:00 UTC','2000-01-01 15:13:00 UTC'),(45,'45','2019-03-31','2000-01-01 07:09:00 UTC','2000-01-01 15:01:00 UTC'),(46,'46','2019-03-31','2000-01-01 13:58:00 UTC','2000-01-01 21:56:00 UTC'),(47,'47','2019-03-31','2000-01-01 14:13:00 UTC','2000-01-01 22:09:00 UTC'),(48,'1','2019-04-01','2000-01-01 06:50:00 UTC','2000-01-01 15:00:00 UTC'),(49,'2','2019-04-01','2000-01-01 14:02:00 UTC','2000-01-01 22:00:00 UTC'),(50,'3','2019-04-01','2000-01-01 07:03:00 UTC','2000-01-01 15:10:00 UTC'),(51,'4','2019-04-01','2000-01-01 06:46:00 UTC','2000-01-01 15:13:00 UTC'),(52,'5','2019-04-01','2000-01-01 07:09:00 UTC','2000-01-01 15:01:00 UTC'),(53,'6','2019-04-01','2000-01-01 13:58:00 UTC','2000-01-01 21:56:00 UTC'),(54,'7','2019-04-01','2000-01-01 14:13:00 UTC','2000-01-01 22:09:00 UTC'),(55,'8','2019-04-01','2000-01-01 18:56:00 UTC','2000-01-01 01:57:00 UTC'),(56,'9','2019-04-01','2000-01-01 07:00:00 UTC','2000-01-01 15:02:00 UTC'),(57,'10','2019-04-01','2000-01-01 19:01:00 UTC','2000-01-01 02:04:00 UTC'),(58,'11','2019-04-01','2000-01-01 13:56:00 UTC','2000-01-01 22:12:00 UTC'),(59,'12','2019-04-01','2000-01-01 14:12:00 UTC','2000-01-01 22:20:00 UTC'),(60,'13','2019-04-01','2000-01-01 07:02:00 UTC','2000-01-01 15:03:00 UTC'),(61,'14','2019-04-01','2000-01-01 14:00:00 UTC','2000-01-01 22:00:00 UTC'),(62,'15','2019-04-01','2000-01-01 19:01:00 UTC','2000-01-01 02:03:00 UTC'),(63,'16','2019-04-01','2000-01-01 14:12:00 UTC','2000-01-01 22:02:00 UTC'),(64,'17','2019-04-01','2000-01-01 14:10:00 UTC','2000-01-01 22:13:00 UTC'),(65,'18','2019-04-01','2000-01-01 07:12:00 UTC','2000-01-01 15:12:00 UTC'),(66,'19','2019-04-01','2000-01-01 14:02:00 UTC','2000-01-01 22:12:00 UTC'),(67,'20','2019-04-01','2000-01-01 14:10:00 UTC','2000-01-01 22:03:00 UTC'),(68,'21','2019-04-01','2000-01-01 06:50:00 UTC','2000-01-01 15:00:00 UTC'),(69,'22','2019-04-01','2000-01-01 14:02:00 UTC','2000-01-01 22:00:00 UTC'),(70,'23','2019-04-01','2000-01-01 07:03:00 UTC','2000-01-01 15:10:00 UTC'),(71,'24','2019-04-01','2000-01-01 06:46:00 UTC','2000-01-01 15:13:00 UTC'),(72,'25','2019-04-01','2000-01-01 07:09:00 UTC','2000-01-01 15:01:00 UTC'),(73,'26','2019-04-01','2000-01-01 13:58:00 UTC','2000-01-01 21:56:00 UTC'),(74,'27','2019-04-01','2000-01-01 14:13:00 UTC','2000-01-01 22:09:00 UTC'),(75,'28','2019-04-01','2000-01-01 18:56:00 UTC','2000-01-01 01:57:00 UTC'),(76,'29','2019-04-01','2000-01-01 07:00:00 UTC','2000-01-01 15:02:00 UTC'),(77,'30','2019-04-01','2000-01-01 19:01:00 UTC','2000-01-01 02:04:00 UTC'),(78,'31','2019-04-01','2000-01-01 13:56:00 UTC','2000-01-01 22:12:00 UTC'),(79,'32','2019-04-01','2000-01-01 14:12:00 UTC','2000-01-01 22:20:00 UTC'),(80,'33','2019-04-01','2000-01-01 07:02:00 UTC','2000-01-01 15:03:00 UTC'),(81,'34','2019-04-01','2000-01-01 14:00:00 UTC','2000-01-01 22:00:00 UTC'),(82,'35','2019-04-01','2000-01-01 19:01:00 UTC','2000-01-01 02:03:00 UTC'),(83,'36','2019-04-01','2000-01-01 14:12:00 UTC','2000-01-01 22:02:00 UTC'),(84,'37','2019-04-01','2000-01-01 14:10:00 UTC','2000-01-01 22:13:00 UTC'),(85,'38','2019-04-01','2000-01-01 07:12:00 UTC','2000-01-01 15:12:00 UTC'),(86,'39','2019-04-01','2000-01-01 14:02:00 UTC','2000-01-01 22:12:00 UTC'),(87,'40','2019-04-01','2000-01-01 14:10:00 UTC','2000-01-01 22:03:00 UTC'),(88,'41','2019-04-01','2000-01-01 06:50:00 UTC','2000-01-01 15:00:00 UTC'),(89,'42','2019-04-01','2000-01-01 14:02:00 UTC','2000-01-01 22:00:00 UTC'),(90,'43','2019-04-01','2000-01-01 07:03:00 UTC','2000-01-01 15:10:00 UTC'),(91,'44','2019-04-01','2000-01-01 06:46:00 UTC','2000-01-01 15:13:00 UTC'),(92,'45','2019-04-01','2000-01-01 07:09:00 UTC','2000-01-01 15:01:00 UTC'),(93,'46','2019-04-01','2000-01-01 13:58:00 UTC','2000-01-01 21:56:00 UTC'),(94,'47','2019-04-01','2000-01-01 14:13:00 UTC','2000-01-01 22:09:00 UTC'),(95,'1','2019-04-02','2000-01-01 06:50:00 UTC','2000-01-01 15:00:00 UTC'),(96,'2','2019-04-02','2000-01-01 14:02:00 UTC','2000-01-01 22:00:00 UTC'),(97,'3','2019-04-02','2000-01-01 07:03:00 UTC','2000-01-01 15:10:00 UTC'),(98,'4','2019-04-02','2000-01-01 06:46:00 UTC','2000-01-01 15:13:00 UTC'),(99,'5','2019-04-02','2000-01-01 07:09:00 UTC','2000-01-01 15:01:00 UTC'),(100,'6','2019-04-02','2000-01-01 13:58:00 UTC','2000-01-01 21:56:00 UTC'),(101,'7','2019-04-02','2000-01-01 14:13:00 UTC','2000-01-01 22:09:00 UTC'),(102,'8','2019-04-02','2000-01-01 18:56:00 UTC','2000-01-01 01:57:00 UTC'),(103,'9','2019-04-02','2000-01-01 07:00:00 UTC','2000-01-01 15:02:00 UTC'),(104,'10','2019-04-02','2000-01-01 19:01:00 UTC','2000-01-01 02:04:00 UTC'),(105,'11','2019-04-02','2000-01-01 13:56:00 UTC','2000-01-01 22:12:00 UTC'),(106,'12','2019-04-02','2000-01-01 14:12:00 UTC','2000-01-01 22:20:00 UTC'),(107,'13','2019-04-02','2000-01-01 07:02:00 UTC','2000-01-01 15:03:00 UTC'),(108,'14','2019-04-02','2000-01-01 14:00:00 UTC','2000-01-01 22:00:00 UTC'),(109,'15','2019-04-02','2000-01-01 19:01:00 UTC','2000-01-01 02:03:00 UTC'),(110,'16','2019-04-02','2000-01-01 14:12:00 UTC','2000-01-01 22:02:00 UTC'),(111,'17','2019-04-02','2000-01-01 14:10:00 UTC','2000-01-01 22:13:00 UTC'),(112,'18','2019-04-02','2000-01-01 07:12:00 UTC','2000-01-01 15:12:00 UTC'),(113,'19','2019-04-02','2000-01-01 14:02:00 UTC','2000-01-01 22:12:00 UTC'),(114,'20','2019-04-02','2000-01-01 14:10:00 UTC','2000-01-01 22:03:00 UTC'),(115,'21','2019-04-02','2000-01-01 06:50:00 UTC','2000-01-01 15:00:00 UTC'),(116,'22','2019-04-02','2000-01-01 14:02:00 UTC','2000-01-01 22:00:00 UTC'),(117,'23','2019-04-02','2000-01-01 07:03:00 UTC','2000-01-01 15:10:00 UTC'),(118,'24','2019-04-02','2000-01-01 06:46:00 UTC','2000-01-01 15:13:00 UTC'),(119,'25','2019-04-02','2000-01-01 07:09:00 UTC','2000-01-01 15:01:00 UTC'),(120,'26','2019-04-02','2000-01-01 13:58:00 UTC','2000-01-01 21:56:00 UTC'),(121,'27','2019-04-02','2000-01-01 14:13:00 UTC','2000-01-01 22:09:00 UTC'),(122,'28','2019-04-02','2000-01-01 18:56:00 UTC','2000-01-01 01:57:00 UTC'),(123,'29','2019-04-02','2000-01-01 07:00:00 UTC','2000-01-01 15:02:00 UTC'),(124,'30','2019-04-02','2000-01-01 19:01:00 UTC','2000-01-01 02:04:00 UTC'),(125,'31','2019-04-02','2000-01-01 13:56:00 UTC','2000-01-01 22:12:00 UTC'),(126,'32','2019-04-02','2000-01-01 14:12:00 UTC','2000-01-01 22:20:00 UTC'),(127,'33','2019-04-02','2000-01-01 07:02:00 UTC','2000-01-01 15:03:00 UTC'),(128,'34','2019-04-02','2000-01-01 14:00:00 UTC','2000-01-01 22:00:00 UTC'),(129,'35','2019-04-02','2000-01-01 19:01:00 UTC','2000-01-01 02:03:00 UTC'),(130,'36','2019-04-02','2000-01-01 14:12:00 UTC','2000-01-01 22:02:00 UTC'),(131,'37','2019-04-02','2000-01-01 14:10:00 UTC','2000-01-01 22:13:00 UTC'),(132,'38','2019-04-02','2000-01-01 07:12:00 UTC','2000-01-01 15:12:00 UTC'),(133,'39','2019-04-02','2000-01-01 14:02:00 UTC','2000-01-01 22:12:00 UTC'),(134,'40','2019-04-02','2000-01-01 14:10:00 UTC','2000-01-01 22:03:00 UTC'),(135,'41','2019-04-02','2000-01-01 06:50:00 UTC','2000-01-01 15:00:00 UTC'),(136,'42','2019-04-02','2000-01-01 14:02:00 UTC','2000-01-01 22:00:00 UTC'),(137,'43','2019-04-02','2000-01-01 07:03:00 UTC','2000-01-01 15:10:00 UTC'),(138,'44','2019-04-02','2000-01-01 06:46:00 UTC','2000-01-01 15:13:00 UTC'),(139,'45','2019-04-02','2000-01-01 07:09:00 UTC','2000-01-01 15:01:00 UTC'),(140,'46','2019-04-02','2000-01-01 13:58:00 UTC','2000-01-01 21:56:00 UTC'),(141,'47','2019-04-02','2000-01-01 14:13:00 UTC','2000-01-01 22:09:00 UTC'),(142,'1','2019-04-02','2000-01-01 06:50:00 UTC','2000-01-01 15:00:00 UTC'),(143,'2','2019-04-02','2000-01-01 14:02:00 UTC','2000-01-01 22:00:00 UTC'),(144,'3','2019-04-02','2000-01-01 07:03:00 UTC','2000-01-01 15:10:00 UTC'),(145,'4','2019-04-02','2000-01-01 06:46:00 UTC','2000-01-01 15:13:00 UTC'),(146,'5','2019-04-02','2000-01-01 07:09:00 UTC','2000-01-01 15:01:00 UTC'),(147,'6','2019-04-02','2000-01-01 13:58:00 UTC','2000-01-01 21:56:00 UTC'),(148,'7','2019-04-02','2000-01-01 14:13:00 UTC','2000-01-01 22:09:00 UTC'),(149,'8','2019-04-02','2000-01-01 18:56:00 UTC','2000-01-01 01:57:00 UTC'),(150,'9','2019-04-02','2000-01-01 07:00:00 UTC','2000-01-01 15:02:00 UTC'),(151,'10','2019-04-02','2000-01-01 19:01:00 UTC','2000-01-01 02:04:00 UTC'),(152,'11','2019-04-02','2000-01-01 13:56:00 UTC','2000-01-01 22:12:00 UTC'),(153,'12','2019-04-02','2000-01-01 14:12:00 UTC','2000-01-01 22:20:00 UTC'),(154,'13','2019-04-02','2000-01-01 07:02:00 UTC','2000-01-01 15:03:00 UTC'),(155,'14','2019-04-02','2000-01-01 14:00:00 UTC','2000-01-01 22:00:00 UTC'),(156,'15','2019-04-02','2000-01-01 19:01:00 UTC','2000-01-01 02:03:00 UTC'),(157,'16','2019-04-02','2000-01-01 14:12:00 UTC','2000-01-01 22:02:00 UTC'),(158,'17','2019-04-02','2000-01-01 14:10:00 UTC','2000-01-01 22:13:00 UTC'),(159,'18','2019-04-02','2000-01-01 07:12:00 UTC','2000-01-01 15:12:00 UTC'),(160,'19','2019-04-02','2000-01-01 14:02:00 UTC','2000-01-01 22:12:00 UTC'),(161,'20','2019-04-02','2000-01-01 14:10:00 UTC','2000-01-01 22:03:00 UTC'),(162,'21','2019-04-02','2000-01-01 06:50:00 UTC','2000-01-01 15:00:00 UTC'),(163,'22','2019-04-02','2000-01-01 14:02:00 UTC','2000-01-01 22:00:00 UTC'),(164,'23','2019-04-02','2000-01-01 07:03:00 UTC','2000-01-01 15:10:00 UTC'),(165,'24','2019-04-02','2000-01-01 06:46:00 UTC','2000-01-01 15:13:00 UTC'),(166,'25','2019-04-02','2000-01-01 07:09:00 UTC','2000-01-01 15:01:00 UTC'),(167,'26','2019-04-02','2000-01-01 13:58:00 UTC','2000-01-01 21:56:00 UTC'),(168,'27','2019-04-02','2000-01-01 14:13:00 UTC','2000-01-01 22:09:00 UTC'),(169,'28','2019-04-02','2000-01-01 18:56:00 UTC','2000-01-01 01:57:00 UTC'),(170,'29','2019-04-02','2000-01-01 07:00:00 UTC','2000-01-01 15:02:00 UTC'),(171,'30','2019-04-02','2000-01-01 19:01:00 UTC','2000-01-01 02:04:00 UTC'),(172,'31','2019-04-02','2000-01-01 13:56:00 UTC','2000-01-01 22:12:00 UTC'),(173,'32','2019-04-02','2000-01-01 14:12:00 UTC','2000-01-01 22:20:00 UTC'),(174,'33','2019-04-02','2000-01-01 07:02:00 UTC','2000-01-01 15:03:00 UTC'),(175,'34','2019-04-02','2000-01-01 14:00:00 UTC','2000-01-01 22:00:00 UTC'),(176,'35','2019-04-02','2000-01-01 19:01:00 UTC','2000-01-01 02:03:00 UTC'),(177,'36','2019-04-02','2000-01-01 14:12:00 UTC','2000-01-01 22:02:00 UTC'),(178,'37','2019-04-02','2000-01-01 14:10:00 UTC','2000-01-01 22:13:00 UTC'),(179,'38','2019-04-02','2000-01-01 07:12:00 UTC','2000-01-01 15:12:00 UTC'),(180,'39','2019-04-02','2000-01-01 14:02:00 UTC','2000-01-01 22:12:00 UTC'),(181,'40','2019-04-02','2000-01-01 14:10:00 UTC','2000-01-01 22:03:00 UTC'),(182,'41','2019-04-02','2000-01-01 06:50:00 UTC','2000-01-01 15:00:00 UTC'),(183,'42','2019-04-02','2000-01-01 14:02:00 UTC','2000-01-01 22:00:00 UTC'),(184,'43','2019-04-02','2000-01-01 07:03:00 UTC','2000-01-01 15:10:00 UTC'),(185,'44','2019-04-02','2000-01-01 06:46:00 UTC','2000-01-01 15:13:00 UTC'),(186,'45','2019-04-02','2000-01-01 07:09:00 UTC','2000-01-01 15:01:00 UTC'),(187,'46','2019-04-02','2000-01-01 13:58:00 UTC','2000-01-01 21:56:00 UTC'),(188,'47','2019-04-02','2000-01-01 14:13:00 UTC','2000-01-01 22:09:00 UTC'),(189,'1','2019-04-03','2000-01-01 06:50:00 UTC','2000-01-01 15:00:00 UTC'),(190,'2','2019-04-03','2000-01-01 14:02:00 UTC','2000-01-01 22:00:00 UTC'),(191,'3','2019-04-03','2000-01-01 07:03:00 UTC','2000-01-01 15:10:00 UTC'),(192,'4','2019-04-03','2000-01-01 06:46:00 UTC','2000-01-01 15:13:00 UTC'),(193,'5','2019-04-03','2000-01-01 07:09:00 UTC','2000-01-01 15:01:00 UTC'),(194,'6','2019-04-03','2000-01-01 13:58:00 UTC','2000-01-01 21:56:00 UTC'),(195,'7','2019-04-03','2000-01-01 14:13:00 UTC','2000-01-01 22:09:00 UTC'),(196,'8','2019-04-03','2000-01-01 18:56:00 UTC','2000-01-01 01:57:00 UTC'),(197,'9','2019-04-03','2000-01-01 07:00:00 UTC','2000-01-01 15:02:00 UTC'),(198,'10','2019-04-03','2000-01-01 19:01:00 UTC','2000-01-01 02:04:00 UTC'),(199,'11','2019-04-03','2000-01-01 13:56:00 UTC','2000-01-01 22:12:00 UTC'),(200,'12','2019-04-03','2000-01-01 14:12:00 UTC','2000-01-01 22:20:00 UTC'),(201,'13','2019-04-03','2000-01-01 07:02:00 UTC','2000-01-01 15:03:00 UTC'),(202,'14','2019-04-03','2000-01-01 14:00:00 UTC','2000-01-01 22:00:00 UTC'),(203,'15','2019-04-03','2000-01-01 19:01:00 UTC','2000-01-01 02:03:00 UTC'),(204,'16','2019-04-03','2000-01-01 14:12:00 UTC','2000-01-01 22:02:00 UTC'),(205,'17','2019-04-03','2000-01-01 14:10:00 UTC','2000-01-01 22:13:00 UTC'),(206,'18','2019-04-03','2000-01-01 07:12:00 UTC','2000-01-01 15:12:00 UTC'),(207,'19','2019-04-03','2000-01-01 14:02:00 UTC','2000-01-01 22:12:00 UTC'),(208,'20','2019-04-03','2000-01-01 14:10:00 UTC','2000-01-01 22:03:00 UTC'),(209,'21','2019-04-03','2000-01-01 06:50:00 UTC','2000-01-01 15:00:00 UTC'),(210,'22','2019-04-03','2000-01-01 14:02:00 UTC','2000-01-01 22:00:00 UTC'),(211,'23','2019-04-03','2000-01-01 07:03:00 UTC','2000-01-01 15:10:00 UTC'),(212,'24','2019-04-03','2000-01-01 06:46:00 UTC','2000-01-01 15:13:00 UTC'),(213,'25','2019-04-03','2000-01-01 07:09:00 UTC','2000-01-01 15:01:00 UTC'),(214,'26','2019-04-03','2000-01-01 13:58:00 UTC','2000-01-01 21:56:00 UTC'),(215,'27','2019-04-03','2000-01-01 14:13:00 UTC','2000-01-01 22:09:00 UTC'),(216,'28','2019-04-03','2000-01-01 18:56:00 UTC','2000-01-01 01:57:00 UTC'),(217,'29','2019-04-03','2000-01-01 07:00:00 UTC','2000-01-01 15:02:00 UTC'),(218,'30','2019-04-03','2000-01-01 19:01:00 UTC','2000-01-01 02:04:00 UTC'),(219,'31','2019-04-03','2000-01-01 13:56:00 UTC','2000-01-01 22:12:00 UTC'),(220,'32','2019-04-03','2000-01-01 14:12:00 UTC','2000-01-01 22:20:00 UTC'),(221,'33','2019-04-03','2000-01-01 07:02:00 UTC','2000-01-01 15:03:00 UTC'),(222,'34','2019-04-03','2000-01-01 14:00:00 UTC','2000-01-01 22:00:00 UTC'),(223,'35','2019-04-03','2000-01-01 19:01:00 UTC','2000-01-01 02:03:00 UTC'),(224,'36','2019-04-03','2000-01-01 14:12:00 UTC','2000-01-01 22:02:00 UTC'),(225,'37','2019-04-03','2000-01-01 14:10:00 UTC','2000-01-01 22:13:00 UTC'),(226,'38','2019-04-03','2000-01-01 07:12:00 UTC','2000-01-01 15:12:00 UTC'),(227,'39','2019-04-03','2000-01-01 14:02:00 UTC','2000-01-01 22:12:00 UTC'),(228,'40','2019-04-03','2000-01-01 14:10:00 UTC','2000-01-01 22:03:00 UTC'),(229,'41','2019-04-03','2000-01-01 06:50:00 UTC','2000-01-01 15:00:00 UTC'),(230,'42','2019-04-03','2000-01-01 14:02:00 UTC','2000-01-01 22:00:00 UTC'),(231,'43','2019-04-03','2000-01-01 07:03:00 UTC','2000-01-01 15:10:00 UTC'),(232,'44','2019-04-03','2000-01-01 06:46:00 UTC','2000-01-01 15:13:00 UTC'),(233,'45','2019-04-03','2000-01-01 07:09:00 UTC','2000-01-01 15:01:00 UTC'),(234,'46','2019-04-03','2000-01-01 13:58:00 UTC','2000-01-01 21:56:00 UTC'),(235,'47','2019-04-03','2000-01-01 14:13:00 UTC','2000-01-01 22:09:00 UTC'),(236,'1','2019-04-04','2000-01-01 06:50:00 UTC','2000-01-01 15:00:00 UTC'),(237,'2','2019-04-04','2000-01-01 14:02:00 UTC','2000-01-01 22:00:00 UTC'),(238,'3','2019-04-04','2000-01-01 07:03:00 UTC','2000-01-01 15:10:00 UTC'),(239,'4','2019-04-04','2000-01-01 06:46:00 UTC','2000-01-01 15:13:00 UTC'),(240,'5','2019-04-04','2000-01-01 07:09:00 UTC','2000-01-01 15:01:00 UTC'),(241,'6','2019-04-04','2000-01-01 13:58:00 UTC','2000-01-01 21:56:00 UTC'),(242,'7','2019-04-04','2000-01-01 14:13:00 UTC','2000-01-01 22:09:00 UTC'),(243,'8','2019-04-04','2000-01-01 18:56:00 UTC','2000-01-01 01:57:00 UTC'),(244,'9','2019-04-04','2000-01-01 07:00:00 UTC','2000-01-01 15:02:00 UTC'),(245,'10','2019-04-04','2000-01-01 19:01:00 UTC','2000-01-01 02:04:00 UTC'),(246,'11','2019-04-04','2000-01-01 13:56:00 UTC','2000-01-01 22:12:00 UTC'),(247,'12','2019-04-04','2000-01-01 14:12:00 UTC','2000-01-01 22:20:00 UTC'),(248,'13','2019-04-04','2000-01-01 07:02:00 UTC','2000-01-01 15:03:00 UTC'),(249,'14','2019-04-04','2000-01-01 14:00:00 UTC','2000-01-01 22:00:00 UTC'),(250,'15','2019-04-04','2000-01-01 19:01:00 UTC','2000-01-01 02:03:00 UTC'),(251,'16','2019-04-04','2000-01-01 14:12:00 UTC','2000-01-01 22:02:00 UTC'),(252,'17','2019-04-04','2000-01-01 14:10:00 UTC','2000-01-01 22:13:00 UTC'),(253,'18','2019-04-04','2000-01-01 07:12:00 UTC','2000-01-01 15:12:00 UTC'),(254,'19','2019-04-04','2000-01-01 14:02:00 UTC','2000-01-01 22:12:00 UTC'),(255,'20','2019-04-04','2000-01-01 14:10:00 UTC','2000-01-01 22:03:00 UTC'),(256,'21','2019-04-04','2000-01-01 06:50:00 UTC','2000-01-01 15:00:00 UTC'),(257,'22','2019-04-04','2000-01-01 14:02:00 UTC','2000-01-01 22:00:00 UTC'),(258,'23','2019-04-04','2000-01-01 07:03:00 UTC','2000-01-01 15:10:00 UTC'),(259,'24','2019-04-04','2000-01-01 06:46:00 UTC','2000-01-01 15:13:00 UTC'),(260,'25','2019-04-04','2000-01-01 07:09:00 UTC','2000-01-01 15:01:00 UTC'),(261,'26','2019-04-04','2000-01-01 13:58:00 UTC','2000-01-01 21:56:00 UTC'),(262,'27','2019-04-04','2000-01-01 14:13:00 UTC','2000-01-01 22:09:00 UTC'),(263,'28','2019-04-04','2000-01-01 18:56:00 UTC','2000-01-01 01:57:00 UTC'),(264,'29','2019-04-04','2000-01-01 07:00:00 UTC','2000-01-01 15:02:00 UTC'),(265,'30','2019-04-04','2000-01-01 19:01:00 UTC','2000-01-01 02:04:00 UTC'),(266,'31','2019-04-04','2000-01-01 13:56:00 UTC','2000-01-01 22:12:00 UTC'),(267,'32','2019-04-04','2000-01-01 14:12:00 UTC','2000-01-01 22:20:00 UTC'),(268,'33','2019-04-04','2000-01-01 07:02:00 UTC','2000-01-01 15:03:00 UTC'),(269,'34','2019-04-04','2000-01-01 14:00:00 UTC','2000-01-01 22:00:00 UTC'),(270,'35','2019-04-04','2000-01-01 19:01:00 UTC','2000-01-01 02:03:00 UTC'),(271,'36','2019-04-04','2000-01-01 14:12:00 UTC','2000-01-01 22:02:00 UTC'),(272,'37','2019-04-04','2000-01-01 14:10:00 UTC','2000-01-01 22:13:00 UTC'),(273,'38','2019-04-04','2000-01-01 07:12:00 UTC','2000-01-01 15:12:00 UTC'),(274,'39','2019-04-04','2000-01-01 14:02:00 UTC','2000-01-01 22:12:00 UTC'),(275,'40','2019-04-04','2000-01-01 14:10:00 UTC','2000-01-01 22:03:00 UTC'),(276,'41','2019-04-04','2000-01-01 06:50:00 UTC','2000-01-01 15:00:00 UTC'),(277,'42','2019-04-04','2000-01-01 14:02:00 UTC','2000-01-01 22:00:00 UTC'),(278,'43','2019-04-04','2000-01-01 07:03:00 UTC','2000-01-01 15:10:00 UTC'),(279,'44','2019-04-04','2000-01-01 06:46:00 UTC','2000-01-01 15:13:00 UTC'),(280,'45','2019-04-04','2000-01-01 07:09:00 UTC','2000-01-01 15:01:00 UTC'),(281,'46','2019-04-04','2000-01-01 13:58:00 UTC','2000-01-01 21:56:00 UTC'),(282,'47','2019-04-04','2000-01-01 14:13:00 UTC','2000-01-01 22:09:00 UTC'),(283,'1','2019-04-04','2000-01-01 06:50:00 UTC','2000-01-01 15:00:00 UTC'),(284,'2','2019-04-04','2000-01-01 14:02:00 UTC','2000-01-01 22:00:00 UTC'),(285,'3','2019-04-04','2000-01-01 07:03:00 UTC','2000-01-01 15:10:00 UTC'),(286,'4','2019-04-04','2000-01-01 06:46:00 UTC','2000-01-01 15:13:00 UTC'),(287,'5','2019-04-04','2000-01-01 07:09:00 UTC','2000-01-01 15:01:00 UTC'),(288,'6','2019-04-04','2000-01-01 13:58:00 UTC','2000-01-01 21:56:00 UTC'),(289,'7','2019-04-04','2000-01-01 14:13:00 UTC','2000-01-01 22:09:00 UTC'),(290,'8','2019-04-04','2000-01-01 18:56:00 UTC','2000-01-01 01:57:00 UTC'),(291,'9','2019-04-04','2000-01-01 07:00:00 UTC','2000-01-01 15:02:00 UTC'),(292,'10','2019-04-04','2000-01-01 19:01:00 UTC','2000-01-01 02:04:00 UTC'),(293,'11','2019-04-04','2000-01-01 13:56:00 UTC','2000-01-01 22:12:00 UTC'),(294,'12','2019-04-04','2000-01-01 14:12:00 UTC','2000-01-01 22:20:00 UTC'),(295,'13','2019-04-04','2000-01-01 07:02:00 UTC','2000-01-01 15:03:00 UTC'),(296,'14','2019-04-04','2000-01-01 14:00:00 UTC','2000-01-01 22:00:00 UTC'),(297,'15','2019-04-04','2000-01-01 19:01:00 UTC','2000-01-01 02:03:00 UTC'),(298,'16','2019-04-04','2000-01-01 14:12:00 UTC','2000-01-01 22:02:00 UTC'),(299,'17','2019-04-04','2000-01-01 14:10:00 UTC','2000-01-01 22:13:00 UTC'),(300,'18','2019-04-04','2000-01-01 07:12:00 UTC','2000-01-01 15:12:00 UTC'),(301,'19','2019-04-04','2000-01-01 14:02:00 UTC','2000-01-01 22:12:00 UTC'),(302,'20','2019-04-04','2000-01-01 14:10:00 UTC','2000-01-01 22:03:00 UTC'),(303,'21','2019-04-04','2000-01-01 06:50:00 UTC','2000-01-01 15:00:00 UTC'),(304,'22','2019-04-04','2000-01-01 14:02:00 UTC','2000-01-01 22:00:00 UTC'),(305,'23','2019-04-04','2000-01-01 07:03:00 UTC','2000-01-01 15:10:00 UTC'),(306,'24','2019-04-04','2000-01-01 06:46:00 UTC','2000-01-01 15:13:00 UTC'),(307,'25','2019-04-04','2000-01-01 07:09:00 UTC','2000-01-01 15:01:00 UTC'),(308,'26','2019-04-04','2000-01-01 13:58:00 UTC','2000-01-01 21:56:00 UTC'),(309,'27','2019-04-04','2000-01-01 14:13:00 UTC','2000-01-01 22:09:00 UTC'),(310,'28','2019-04-04','2000-01-01 18:56:00 UTC','2000-01-01 01:57:00 UTC'),(311,'29','2019-04-04','2000-01-01 07:00:00 UTC','2000-01-01 15:02:00 UTC'),(312,'30','2019-04-04','2000-01-01 19:01:00 UTC','2000-01-01 02:04:00 UTC'),(313,'31','2019-04-04','2000-01-01 13:56:00 UTC','2000-01-01 22:12:00 UTC'),(314,'32','2019-04-04','2000-01-01 14:12:00 UTC','2000-01-01 22:20:00 UTC'),(315,'33','2019-04-04','2000-01-01 07:02:00 UTC','2000-01-01 15:03:00 UTC'),(316,'34','2019-04-04','2000-01-01 14:00:00 UTC','2000-01-01 22:00:00 UTC'),(317,'35','2019-04-04','2000-01-01 19:01:00 UTC','2000-01-01 02:03:00 UTC'),(318,'36','2019-04-04','2000-01-01 14:12:00 UTC','2000-01-01 22:02:00 UTC'),(319,'37','2019-04-04','2000-01-01 14:10:00 UTC','2000-01-01 22:13:00 UTC'),(320,'38','2019-04-04','2000-01-01 07:12:00 UTC','2000-01-01 15:12:00 UTC'),(321,'39','2019-04-04','2000-01-01 14:02:00 UTC','2000-01-01 22:12:00 UTC'),(322,'40','2019-04-04','2000-01-01 14:10:00 UTC','2000-01-01 22:03:00 UTC'),(323,'41','2019-04-04','2000-01-01 06:50:00 UTC','2000-01-01 15:00:00 UTC'),(324,'42','2019-04-04','2000-01-01 14:02:00 UTC','2000-01-01 22:00:00 UTC'),(325,'43','2019-04-04','2000-01-01 07:03:00 UTC','2000-01-01 15:10:00 UTC'),(326,'44','2019-04-04','2000-01-01 06:46:00 UTC','2000-01-01 15:13:00 UTC'),(327,'45','2019-04-04','2000-01-01 07:09:00 UTC','2000-01-01 15:01:00 UTC'),(328,'46','2019-04-04','2000-01-01 13:58:00 UTC','2000-01-01 21:56:00 UTC'),(329,'47','2019-04-04','2000-01-01 14:13:00 UTC','2000-01-01 22:09:00 UTC'),(330,'1','2019-04-04','2000-01-01 06:50:00 UTC','2000-01-01 15:00:00 UTC'),(331,'2','2019-04-04','2000-01-01 14:02:00 UTC','2000-01-01 22:00:00 UTC'),(332,'3','2019-04-04','2000-01-01 07:03:00 UTC','2000-01-01 15:10:00 UTC'),(333,'4','2019-04-04','2000-01-01 06:46:00 UTC','2000-01-01 15:13:00 UTC'),(334,'5','2019-04-04','2000-01-01 07:09:00 UTC','2000-01-01 15:01:00 UTC'),(335,'6','2019-04-04','2000-01-01 13:58:00 UTC','2000-01-01 21:56:00 UTC'),(336,'7','2019-04-04','2000-01-01 14:13:00 UTC','2000-01-01 22:09:00 UTC'),(337,'8','2019-04-04','2000-01-01 18:56:00 UTC','2000-01-01 01:57:00 UTC'),(338,'9','2019-04-04','2000-01-01 07:00:00 UTC','2000-01-01 15:02:00 UTC'),(339,'10','2019-04-04','2000-01-01 19:01:00 UTC','2000-01-01 02:04:00 UTC'),(340,'11','2019-04-04','2000-01-01 13:56:00 UTC','2000-01-01 22:12:00 UTC'),(341,'12','2019-04-04','2000-01-01 14:12:00 UTC','2000-01-01 22:20:00 UTC'),(342,'13','2019-04-04','2000-01-01 07:02:00 UTC','2000-01-01 15:03:00 UTC'),(343,'14','2019-04-04','2000-01-01 14:00:00 UTC','2000-01-01 22:00:00 UTC'),(344,'15','2019-04-04','2000-01-01 19:01:00 UTC','2000-01-01 02:03:00 UTC'),(345,'16','2019-04-04','2000-01-01 14:12:00 UTC','2000-01-01 22:02:00 UTC'),(346,'17','2019-04-04','2000-01-01 14:10:00 UTC','2000-01-01 22:13:00 UTC'),(347,'18','2019-04-04','2000-01-01 07:12:00 UTC','2000-01-01 15:12:00 UTC'),(348,'19','2019-04-04','2000-01-01 14:02:00 UTC','2000-01-01 22:12:00 UTC'),(349,'20','2019-04-04','2000-01-01 14:10:00 UTC','2000-01-01 22:03:00 UTC'),(350,'21','2019-04-04','2000-01-01 06:50:00 UTC','2000-01-01 15:00:00 UTC'),(351,'22','2019-04-04','2000-01-01 14:02:00 UTC','2000-01-01 22:00:00 UTC'),(352,'23','2019-04-04','2000-01-01 07:03:00 UTC','2000-01-01 15:10:00 UTC'),(353,'24','2019-04-04','2000-01-01 06:46:00 UTC','2000-01-01 15:13:00 UTC'),(354,'25','2019-04-04','2000-01-01 07:09:00 UTC','2000-01-01 15:01:00 UTC'),(355,'26','2019-04-04','2000-01-01 13:58:00 UTC','2000-01-01 21:56:00 UTC'),(356,'27','2019-04-04','2000-01-01 14:13:00 UTC','2000-01-01 22:09:00 UTC'),(357,'28','2019-04-04','2000-01-01 18:56:00 UTC','2000-01-01 01:57:00 UTC'),(358,'29','2019-04-04','2000-01-01 07:00:00 UTC','2000-01-01 15:02:00 UTC'),(359,'30','2019-04-04','2000-01-01 19:01:00 UTC','2000-01-01 02:04:00 UTC'),(360,'31','2019-04-04','2000-01-01 13:56:00 UTC','2000-01-01 22:12:00 UTC'),(361,'32','2019-04-04','2000-01-01 14:12:00 UTC','2000-01-01 22:20:00 UTC'),(362,'33','2019-04-04','2000-01-01 07:02:00 UTC','2000-01-01 15:03:00 UTC'),(363,'34','2019-04-04','2000-01-01 14:00:00 UTC','2000-01-01 22:00:00 UTC'),(364,'35','2019-04-04','2000-01-01 19:01:00 UTC','2000-01-01 02:03:00 UTC'),(365,'36','2019-04-04','2000-01-01 14:12:00 UTC','2000-01-01 22:02:00 UTC'),(366,'37','2019-04-04','2000-01-01 14:10:00 UTC','2000-01-01 22:13:00 UTC'),(367,'38','2019-04-04','2000-01-01 07:12:00 UTC','2000-01-01 15:12:00 UTC'),(368,'39','2019-04-04','2000-01-01 14:02:00 UTC','2000-01-01 22:12:00 UTC'),(369,'40','2019-04-04','2000-01-01 14:10:00 UTC','2000-01-01 22:03:00 UTC'),(370,'41','2019-04-04','2000-01-01 06:50:00 UTC','2000-01-01 15:00:00 UTC'),(371,'42','2019-04-04','2000-01-01 14:02:00 UTC','2000-01-01 22:00:00 UTC'),(372,'43','2019-04-04','2000-01-01 07:03:00 UTC','2000-01-01 15:10:00 UTC'),(373,'44','2019-04-04','2000-01-01 06:46:00 UTC','2000-01-01 15:13:00 UTC'),(374,'45','2019-04-04','2000-01-01 07:09:00 UTC','2000-01-01 15:01:00 UTC'),(375,'46','2019-04-04','2000-01-01 13:58:00 UTC','2000-01-01 21:56:00 UTC'),(376,'47','2019-04-04','2000-01-01 14:13:00 UTC','2000-01-01 22:09:00 UTC');
/*!40000 ALTER TABLE `asistencias` ENABLE KEYS */;
UNLOCK TABLES;

--
-- Table structure for table `bajas_empleados`
--

DROP TABLE IF EXISTS `bajas_empleados`;
/*!40101 SET @saved_cs_client     = @@character_set_client */;
/*!40101 SET character_set_client = utf8 */;
CREATE TABLE `bajas_empleados` (
  `id` bigint(20) unsigned NOT NULL AUTO_INCREMENT,
  `id_empleado` varchar(100) DEFAULT NULL,
  `motivo` varchar(100) DEFAULT NULL,
  PRIMARY KEY (`id`),
  UNIQUE KEY `id` (`id`)
) ENGINE=InnoDB AUTO_INCREMENT=5 DEFAULT CHARSET=utf8;
/*!40101 SET character_set_client = @saved_cs_client */;

--
-- Dumping data for table `bajas_empleados`
--

LOCK TABLES `bajas_empleados` WRITE;
/*!40000 ALTER TABLE `bajas_empleados` DISABLE KEYS */;
INSERT INTO `bajas_empleados` VALUES (1,NULL,'Cuestiones personales'),(2,NULL,'Cambio de empresa'),(3,NULL,NULL),(4,NULL,NULL);
/*!40000 ALTER TABLE `bajas_empleados` ENABLE KEYS */;
UNLOCK TABLES;

--
-- Table structure for table `capacitaciones_por_empleado`
--

DROP TABLE IF EXISTS `capacitaciones_por_empleado`;
/*!40101 SET @saved_cs_client     = @@character_set_client */;
/*!40101 SET character_set_client = utf8 */;
CREATE TABLE `capacitaciones_por_empleado` (
  `id` bigint(20) unsigned NOT NULL AUTO_INCREMENT,
  `id_empleado` varchar(100) DEFAULT NULL,
  `id_programa` varchar(100) DEFAULT NULL,
  `f_inicio` varchar(100) DEFAULT NULL,
  `f_fin` varchar(100) DEFAULT NULL,
  `estado` varchar(100) DEFAULT NULL,
  PRIMARY KEY (`id`),
  UNIQUE KEY `id` (`id`)
) ENGINE=InnoDB AUTO_INCREMENT=7 DEFAULT CHARSET=utf8;
/*!40101 SET character_set_client = @saved_cs_client */;

--
-- Dumping data for table `capacitaciones_por_empleado`
--

LOCK TABLES `capacitaciones_por_empleado` WRITE;
/*!40000 ALTER TABLE `capacitaciones_por_empleado` DISABLE KEYS */;
INSERT INTO `capacitaciones_por_empleado` VALUES (1,'18','3','2014-01-12','2014-01-25','Finalizado'),(2,'27','4','2017-06-23','2017-06-29','Finalizado'),(3,'47','3','2017-03-21',NULL,'Cancelado'),(4,'5','1','2017-10-03','2017-10-12','Finalizado'),(5,'14','1','2017-11-10','2017-11-18','Finalizado'),(6,'29',NULL,'2018-12-04','2018-12-12','Cancelado');
/*!40000 ALTER TABLE `capacitaciones_por_empleado` ENABLE KEYS */;
UNLOCK TABLES;

--
-- Table structure for table `clientes`
--

DROP TABLE IF EXISTS `clientes`;
/*!40101 SET @saved_cs_client     = @@character_set_client */;
/*!40101 SET character_set_client = utf8 */;
CREATE TABLE `clientes` (
  `id` bigint(20) unsigned NOT NULL AUTO_INCREMENT,
  `nombre` varchar(100) DEFAULT NULL,
  `estado` varchar(100) DEFAULT NULL,
  `correo` varchar(100) DEFAULT NULL,
  `telefono` varchar(100) DEFAULT NULL,
  PRIMARY KEY (`id`),
  UNIQUE KEY `id` (`id`)
) ENGINE=InnoDB AUTO_INCREMENT=476 DEFAULT CHARSET=utf8;
/*!40101 SET character_set_client = @saved_cs_client */;

--
-- Dumping data for table `clientes`
--

LOCK TABLES `clientes` WRITE;
/*!40000 ALTER TABLE `clientes` DISABLE KEYS */;
INSERT INTO `clientes` VALUES (291,'Jose Ramon  Sanchez  Solorzano','Colima','15460020@itcolima.edu.mx',NULL),(292,'Socorro Solorzano1 Cortes','Chiapas','socorro@gmail.com',NULL),(293,'Veida Vega Solorzano8','Campeche','veida_123@hotmail.com',NULL),(294,'Dora Jimenez Cortes','Aguascalientes','dora@gmail.com',NULL),(295,'Maria Larios Espinoza','Guerrero','maria.le@gmail.com',NULL),(296,'Sile$m Cardenaz Mendoza','Jalisco','silem.cm@gmail.com',NULL),(297,'Marcela Reyes Larios','M?xico','marce@hotmail.com',NULL),(298,'Maria Jimenez Cortes','Morelos','maria.jc@gmail.com',NULL),(299,'Juana Lopez Reyna','Puebla#','reina@gmail.com',NULL),(300,'Diana Cuevas Perez','Colima','diana.cuevas@hotmail.com',NULL),(301,'Petra) Alavarez Cabrera ','Oaxaca','petra@gmail.com',NULL),(302,'America Vega Silva','Colima','silva.gol@gmail.com',NULL),(303,'Francia Flores Flores','Sinaloa','dos.flores@hotmail.com',NULL),(304,'Emilio Renteria  Hernandez','Colima','verano@gmail.com',NULL),(305,'Perla Valencia Olvera#','Colima','florez@hotmail.com',NULL),(306,'Eduardo Vadillo Vadillo','Colima','primo.traumo@gmail.com',NULL),(307,'Pascual Valencia Verduzco','Oaxaca','pascual@gmail.com',NULL),(308,'Cesar Reyes Sanchez','Colima','cesarin@hotmail.com',NULL),(309,'Reyes Sanchez  Reyna','Guerrero','sanchez.r@gmail.com',NULL),(310,'Julio Cortez9 Zamano','Colima','samano@gmail.com',NULL),(311,'Pedro Juarez Alvarado','Colima','pedro.jua@hotmail.com',NULL),(312,'Maria Cardenaz Sanchez','Colima','maria.kasa@gmail.com',NULL),(313,'Jose Vega4 Vega','Colima','jose.vv@gmail.com',NULL),(314,'Carmen Solano Ramirez','Colima','carmensolano@gmail.com',NULL),(315,'Carla Bautista Vera','Colima','vera.carla@gmail.com',NULL),(316,'Karla3 Larios Dias','Colima','karla233@gmail.com',NULL),(317,'Pablo Zamora Cortes','Colima','pablo123@hotmail.com',NULL),(318,'Ernesto Dominguez Dias','Colima','dias3695@gmail.com',NULL),(319,'Andres Moran Duarte','Colima','andres.199@gmail.com',NULL),(320,'David Flores Sanchez','Colima3','david.sanchez@gmail.com',NULL),(321,'Miguel4  Urbina Perez','Colima','urbina123@gmail.com',NULL),(322,'Braulio Gutierres Rojas','Colima','braulio.rojas@gmail.com',NULL),(323,'Nivaldo Qui?ones Garcia','Colima','gym.nivitriz@gmail.com',NULL),(324,'Hugo Batista Cruz','Colima','barba89@gmail.com',NULL),(325,'Enrike6 Ramirez Reyna','Colima','enrique1236@gmail.com',NULL),(326,'Julian5 Guilder Briviescas',NULL,NULL,'3127577'),(327,'Lanny Beardon Buenavides',NULL,NULL,'3124449'),(328,'Christy90 Braidman Buendia',NULL,NULL,'3121981'),(329,'Marsiella De Bernardis Bueno',NULL,NULL,'3125837'),(330,'Eileen Cloy Buenrostro',NULL,NULL,'3129922'),(331,'Rozanna Emerson Buentello',NULL,NULL,'3121223'),(332,'Dorisa Tessier Bugarin',NULL,NULL,'3128528'),(333,'Randi Carme Buitimea',NULL,NULL,'3123014'),(334,'Garret Cianelli Brocal',NULL,NULL,'3127577'),(335,'Derry Dimeloe Brooks',NULL,NULL,'3124082'),(336,'Lamond Reddy Brown',NULL,NULL,'3127681'),(337,'Cecile Blacket Bruno',NULL,NULL,'3126435'),(338,'Roderigo Cornilleau Brusiaga',NULL,NULL,'3125968'),(339,'Katha Swinerd Buelna',NULL,NULL,'3125193'),(340,'Tabbatha Dorey Buen',NULL,NULL,'3123016'),(341,'Cherilyn Streatley Buenabides',NULL,NULL,'3128494'),(342,'Pascal Battram Buitron',NULL,NULL,'3121677'),(343,'Karna100 Ciric Burciaga',NULL,NULL,'3128076'),(344,'Chucho Anfusso Burgos',NULL,NULL,'3125928'),(345,'Laura Struis Burnett',NULL,NULL,'3125067'),(346,'Jewel Love Bustamante',NULL,NULL,'3124989'),(347,'Margret Luna Bustos',NULL,NULL,'3123009'),(348,'Lorant Worgen11 Butanda',NULL,NULL,'3129318'),(349,'Merrel Lippitt Butierres',NULL,NULL,'3125106'),(350,'Urban Hendrickx Byrd',NULL,NULL,'3124644'),(351,'Braden Tidball Caacuaa',NULL,NULL,'3129056'),(352,'Antonietta Kieff Caacusi',NULL,NULL,'3127678'),(353,'Silvan Feldhuhn Caaghu',NULL,NULL,'3128361'),(354,'Shep88 Pesik Caasayu',NULL,NULL,'3123224'),(355,'Elfreda McAnalley Caballero',NULL,NULL,'3122134'),(356,'Dickie Ellam Cabanillas',NULL,NULL,'3121897'),(357,'Abran Hearmon Cabello',NULL,NULL,'3127848'),(358,'Gretel Gowanson Cabesa',NULL,NULL,'3126015'),(359,'Neddie Shenton Cabral',NULL,NULL,'3122046'),(360,'Kaitlynn Dudeney Cabrera',NULL,NULL,'3122664'),(361,'Michal Aiskrigg Cabriales',NULL,NULL,'3127338'),(362,'Brinn Fulcher99 Cacalotl',NULL,NULL,'3121778'),(363,'Percy Wildish Cacillas',NULL,NULL,'3129905'),(364,'Christan Ranaghan Cacimiro',NULL,NULL,'3129496'),(365,'Juan Gonzales Caco',NULL,NULL,'3121218'),(366,'Nayeli Mendoza Cacuaa',NULL,NULL,'3128637'),(367,'Noelia Arguellez Cacuiy',NULL,NULL,'3121709'),(368,'Miguel11 Penner Cacusi',NULL,NULL,'3125406'),(369,'Pedro Caldeiro Caghi',NULL,NULL,'3127777'),(370,'Sergio Hotson Caghu',NULL,NULL,'3127714'),(371,'Angel Duggan Cague',NULL,NULL,'3129941'),(372,'Isabel Lambswood Caguihui',NULL,NULL,'3125580'),(373,'Mara Carmen Hunnam Cahua',NULL,NULL,'3127182'),(374,'Concepcion Huson Cahuaco99',NULL,NULL,'3124275'),(375,'Jose Foxcroft Cahuidzu',NULL,NULL,'3123717'),(376,'Perla Olivar Cahuiyo',NULL,NULL,'3123468'),(377,'Josue Hare Calata',NULL,NULL,'3121840'),(378,'Josefa Guichard Calbario',NULL,NULL,'3129145'),(379,'Juan Benedetti Calbo',NULL,NULL,'3129744'),(380,'Jose Luis Byng Caldera',NULL,NULL,'3127874'),(381,'Silvia11 Wooder Calderon',NULL,NULL,'3123906'),(382,'Miguel Norewood Calisto',NULL,NULL,'3125097'),(383,'Mara Frowde Calistro',NULL,NULL,'3122951'),(384,'Juan Carlos Spiteri Callejas',NULL,NULL,'3123075'),(385,'Isabel Tweedie Calleros',NULL,NULL,'3121589'),(386,'Dolores Hendrich Calles11',NULL,NULL,'3121848'),(387,'Javier Hotson Calletano',NULL,NULL,'3128365'),(388,'Juana Hare Calsada',NULL,NULL,'3126920'),(389,'Elena Digby Calvario',NULL,NULL,'3121762'),(390,'Angel Gimbrett Calvillo',NULL,NULL,'3129838'),(391,'Leire Stammers Cama',NULL,NULL,'3123476'),(392,'Francisco Luckman Camacho',NULL,NULL,'3127387'),(393,'Manuel Garner Camahu',NULL,NULL,'3122766'),(394,'Antonio Woloschin Camarena',NULL,NULL,'3122286'),(395,'Maria Luisa MacQuarrie Camargo',NULL,NULL,'3123744'),(396,'Maria Carmen Leverton Camarillo',NULL,NULL,'3125700'),(397,'Carmen Lamba Camau',NULL,NULL,'3129743'),(398,'Maria Elena Capper Camberos',NULL,NULL,'3124297'),(399,'Laura Seage Cambray',NULL,NULL,'3126345'),(400,'David Crosston Camino',NULL,NULL,'3126616'),(401,'Anna Watman Campa',NULL,NULL,'3122527'),(402,'Francisco Fletcher Campirano',NULL,NULL,'3126902'),(403,'Susana Tibbotts Campos',NULL,NULL,'3127692'),(404,'Ramon Atwater Camposano',NULL,NULL,'3124929'),(405,'Joaquin Houlson Campusano',NULL,NULL,'3123897'),(406,'Matias Crothers Cana',NULL,NULL,'3127522'),(407,'Maria Luisa Fullylove Canal',NULL,NULL,'3125093'),(408,'Francisco Ralton Canchola',NULL,NULL,'3126949'),(409,'Antonia Dake Cancino',NULL,NULL,'3122521'),(410,'Alejandro Kohler Candelaria',NULL,NULL,'3127070'),(411,'Manuel McRavey Candelario',NULL,NULL,'3127777'),(412,'Juan Jeandot Candia',NULL,NULL,'3129599'),(413,'Antonio Brotherick Canedo',NULL,NULL,'3123660'),(414,'Raquel Pesselt Canela',NULL,NULL,'3121843'),(415,'Rafael Berzon Canencia',NULL,NULL,'3125654'),(416,'Consuelo Perrone Cano',NULL,NULL,'3122581'),(417,'Margarita Vivash Canoa',NULL,NULL,'3128091'),(418,'Francisco Javier Calendar Canpos',NULL,NULL,'3127416'),(419,'Antonio McClunaghan Canseco',NULL,NULL,'3125365'),(420,'Carmen Delia Locker Cansino',NULL,NULL,'3125863'),(421,'Victor Beahan Cantero',NULL,NULL,'3121873'),(422,'Maria Teresa Aubrey Cantu',NULL,NULL,'3129656'),(423,'Cristina Dearlove Canuu',NULL,NULL,'3122026'),(424,'Rafael Pavluk Canzeco',NULL,NULL,'3127060'),(425,'Esther Ruppele Capasete',NULL,NULL,'3125981'),(426,'Jesœs Farias Capetillo',NULL,NULL,'3127883'),(427,'Ana Castro Capistrano',NULL,NULL,'3123150'),(428,'Abel Larios Caquihui',NULL,NULL,'3127635'),(429,'Miguel ængel Ubieta Cara',NULL,NULL,'3122462'),(430,'Francisco Gavito Carabajal',NULL,NULL,'3124099'),(431,'Andres Fuentes Caraballo',NULL,NULL,'3122769'),(432,'Luis Sabino Carabantes',NULL,NULL,'3121853'),(433,'Mar­a Luisa Senavol Carabaxal',NULL,NULL,'3129802'),(434,'Manuel Arguellez Carapia',NULL,NULL,'3122946'),(435,'Leire Penner Carasco',NULL,NULL,'3123375'),(436,'Enrique Caldeiro Caravajal',NULL,NULL,'3126994'),(437,'Oscar Hotson Caravallo',NULL,NULL,'3125584'),(438,'Roberto Duggan Caravantes',NULL,NULL,'3124635'),(439,'Isabel Lambswood Cardenas',NULL,NULL,'3121309'),(440,'Isabel Hunnam Cardiel',NULL,NULL,'3123726'),(441,'Javier Huson Cardona',NULL,NULL,'3125432'),(442,'Francisco Foxcroft Cardoso',NULL,NULL,'3128122'),(443,'Mohammed Olivar Cariaga',NULL,NULL,'3125683'),(444,'Marcos Hare Carillo',NULL,NULL,'3124836'),(445,'Josefa Candelario Carion',NULL,NULL,'3125546'),(446,'Carmen Bolivar Carlin',NULL,NULL,'3124622'),(447,'Elena Hernandez Carlon',NULL,NULL,'3129700'),(448,'Rosario Duerte Carlos',NULL,NULL,'3122801'),(449,'Jorge Garcia Carmel',NULL,NULL,'3123374'),(450,'Sara Bravo Carmona',NULL,NULL,'3124903'),(451,'Miguel Gonzalez Caro',NULL,NULL,'3129601'),(452,'Pilar Gonzales Carpintero',NULL,NULL,'3122697'),(453,'Marilu Rodriguez Carpio',NULL,NULL,'3129009'),(454,'Isabel Oliv0 Carrales',NULL,NULL,'3126956'),(455,'Carmen Iturbide Carranco',NULL,NULL,'3129364'),(456,'Manuel Hurd Carrasco',NULL,NULL,'3128255'),(457,'Josue Renouf Carreno',NULL,NULL,'3126511'),(458,'Jordi Linn Carrera',NULL,NULL,'3123935'),(459,'Francisca Jameson Carreto',NULL,NULL,'3129493'),(460,'Daniel Crisp Carrillo',NULL,NULL,'3121421'),(461,'Nuria Milton Carrion',NULL,NULL,'3123928'),(462,'Alba Apark Carrisal',NULL,NULL,'3128219'),(463,'Miguel ængel Allden Carrisales',NULL,NULL,'3128686'),(464,'Carmen Houldey Carriyo',NULL,NULL,'3121493'),(465,'Martin Guillain Carrizal',NULL,NULL,'3122994'),(466,'Francisco Javier Arguellez Carro',NULL,NULL,'3128759'),(467,'Josep Pinto Carvajal',NULL,NULL,'3124730'),(468,'Andres Pinzon Casa',NULL,NULL,'3126563'),(469,'Sergio Carbajal Casanoba',NULL,NULL,'3123571'),(470,'Martin Roebuck Calzada',NULL,NULL,'3126172'),(471,'Jossiel Kores Campillo',NULL,NULL,'3127492'),(472,'Marcus Pettiward Canceco',NULL,NULL,'3128630'),(473,'Marsela Patiño Capitan',NULL,NULL,'3125137'),(474,'Josue Fernandez Carandia',NULL,NULL,'3121734'),(475,'Ramiro Juarez Carnero',NULL,NULL,'3121705');
/*!40000 ALTER TABLE `clientes` ENABLE KEYS */;
UNLOCK TABLES;

--
-- Table structure for table `empleados`
--

DROP TABLE IF EXISTS `empleados`;
/*!40101 SET @saved_cs_client     = @@character_set_client */;
/*!40101 SET character_set_client = utf8 */;
CREATE TABLE `empleados` (
  `id` bigint(20) unsigned NOT NULL AUTO_INCREMENT,
  `nombre` varchar(100) DEFAULT NULL,
  `f_nacimiento` varchar(100) DEFAULT NULL,
  `c_electronico` varchar(100) DEFAULT NULL,
  `n_telefono` varchar(100) DEFAULT NULL,
  `f_entrada` varchar(100) DEFAULT NULL,
  `genero` varchar(100) DEFAULT NULL,
  `rfc` varchar(100) DEFAULT NULL,
  `baja` varchar(100) DEFAULT NULL,
  `sistema` varchar(1) DEFAULT NULL,
  PRIMARY KEY (`id`),
  UNIQUE KEY `id` (`id`)
) ENGINE=InnoDB AUTO_INCREMENT=1643 DEFAULT CHARSET=utf8;
/*!40101 SET character_set_client = @saved_cs_client */;

--
-- Dumping data for table `empleados`
--

LOCK TABLES `empleados` WRITE;
/*!40000 ALTER TABLE `empleados` DISABLE KEYS */;
INSERT INTO `empleados` VALUES (1556,'Isidro… Castro',NULL,NULL,'3126511',NULL,NULL,NULL,NULL,'A'),(1557,'Nicolas55 Ubieta',NULL,NULL,'3121421',NULL,NULL,NULL,NULL,'A'),(1558,'Juan Fuentes',NULL,NULL,'3128219',NULL,NULL,NULL,NULL,'A'),(1559,'Joel Fernandez',NULL,NULL,'3122994',NULL,NULL,NULL,NULL,'A'),(1560,'Fernando--\r\nCristian\r\nDiana\r\nJul1a\r\nManuel\r\nPaula\r\nDaniela\r\nJose\r\nDaniel Arguellez',NULL,NULL,'3128759',NULL,NULL,NULL,NULL,'A'),(1561,'Diana++ Hotson',NULL,NULL,'3123571',NULL,NULL,NULL,NULL,'A'),(1562,'Manuel Lambswood',NULL,NULL,'3124717',NULL,NULL,NULL,NULL,'A'),(1563,'Daniela Huson000',NULL,NULL,'3124527',NULL,NULL,NULL,NULL,'A'),(1564,'Alexander111 Hare',NULL,NULL,'3123615',NULL,NULL,NULL,NULL,'A'),(1565,'Jose Foxcroft',NULL,NULL,'3121454',NULL,NULL,NULL,NULL,'A'),(1566,'Ivon Patiño',NULL,NULL,'3123935',NULL,NULL,NULL,NULL,'A'),(1567,'Hector Larios',NULL,NULL,'3129493',NULL,NULL,NULL,NULL,'A'),(1568,'Cesar Senavol',NULL,NULL,'3121493',NULL,NULL,NULL,NULL,'A'),(1569,'Paula Hunnam',NULL,NULL,'3127956',NULL,NULL,NULL,NULL,'A'),(1570,'Esteban Gavito',NULL,NULL,'3123928',NULL,NULL,NULL,NULL,'A'),(1571,'Juliana Duggan',NULL,NULL,'3129183',NULL,NULL,NULL,NULL,'A'),(1572,'Ruben Sabino',NULL,NULL,'3128686',NULL,NULL,NULL,NULL,'A'),(1573,'Fernando Penner',NULL,NULL,'3124730',NULL,NULL,NULL,NULL,'A'),(1574,'Cristian Caldeiro',NULL,NULL,'3126563',NULL,NULL,NULL,NULL,'A'),(1575,'Daniela Olivar',NULL,NULL,'3125528',NULL,NULL,NULL,NULL,'A'),(1576,'Isidro Castro Hernandez','2000-10-26','Isidro_Hernandez@gmail.example.com','(312)511-74-47','2016-07-09','0','CAHI001026DX0','0','M'),(1577,'Ivon Patiño Duerte','1987-05-18','Ivon_patiño@gmail.example.com','(312)227-84-59','2018-05-06','1','PADI870518RD0','0','M'),(1578,'H3ctor Larios Garcí4','1992-08-30','Hector_larios@gmail.example.com','(312)601-79-26','2011-10-13','0','LAGH111013RT3','0','M'),(1579,'Nicolas Ubieta Bravo','2000-02-27','Nicolas_ubieta@gmail.example.com','(312)598-59-47','2012-01-25','0','UBBN920830UE8','0','M'),(1580,'Esteban Gavito Juarez','1979-11-21','Esteban_gavito@gmail.example.com','(312)582-92-07','2011-08-29','0','GAJE791121IK9','0','M'),(1581,'Juan Fuentes Gonzalez','1984-06-22','Juan_fuentes@gmail.example.com','(312)353-70-22','2016-09-10','0','FUGJ840622TR8','0','M'),(1582,'Ruben Sabino Gonzalez','1985-10-11','Ruben_sabino@gmail.example.com','(312)343-26-94','2015-12-10','0','SAGR851011BD4','0','M'),(1583,'Cesar Senevol Rodriguez','1984-12-28','Cesar_senevol@gmail.example.com','(312)936-87-33','2013-08-27','0','SERC841228TC7','0','M'),(1584,'Joel Fernandez Olivo','1978-03-26','Joel_fernandez@gmail.example.com','(312)263-46-19','2012-09-09','0','FEOJ120909RS4','0','M'),(1585,'Fernando Arguellez Iturbide','1996-03-13','Fernando_arguellez@gmail.example.com','(312)637-76-03','2016-03-08','0','ARIF160308GV1','0','M'),(1586,'Fernando Penner Hurdd','1998-06-24','fernando_penner@gmail.example.com','(312)572-07-61','2018-01-28','0','PEHF980624YT7','0','M'),(1587,'Cristian Caldeiro Renouf','1981-06-17','Cristian_caldeiro@gmail.example.com','(312)985-72-91','2016-05-07','0','CARC810617BG7','0','M'),(1588,'Diana Hotson Linn','1986-11-23','Diana_hotson@gmail.example.com','(312)548-15-81','2016-05-11','1','HOLD861123HB4','0','M'),(1589,'Juliana Duggan Jammeson','1998-09-04','Juliana_duggan@gmail.example.com','(312)189-88-37','2014-05-29','1','DUJJ980904GF4','0','M'),(1590,'Manuel Lambswood Crisp','1993-02-16','Manuel_lambswood@gmail.example.com','(312)093-86-55','2013-04-20','0','LACM930216PO2','0','M'),(1591,'Paula Hunnam Milton','1999-12-08','Paula_hunnam@gmail.example.com','(312)314-50-59','2011-11-04','0','HUMP991208VT8','0','M'),(1592,'Daniela Huson Apark','2000-12-21','Daniela_huson@gmail.example.com','(312)087-67-88','2015-07-09','1','HUAD001221YR5','0','M'),(1593,'Jose Foxcroft Allden','1990-11-04','Jose_foxcroft@gmail.example.com','(312)777-61-48','2014-08-01','0','FOAJ901104HX7','0','M'),(1594,'Daniela Olivar Houldey','1987-07-18','Daniela_olivar@gmail.example.com','(312)420-07-67','2017-04-26','1','OLHD870718UD3','0','M'),(1595,'Alexander Hare G.','1991-08-12','Alexander_hare@gmail.example.com','(312)716-86-64','2018-01-29','0','HAGA010812HD8','0','M'),(1596,'Gerardo Urbina Heredia','1997-04-13','gerardo_urbina@gmail.com','(453)123-12-12','2011-10-13','0','URHG276619FD89','0','M'),(1597,'Esperanza Rios','1999-12-23','esperanza_22@hotmail.com','(453)465-98-98','2012-06-11','1','RIRE874529lR78','0','M'),(1598,'Pedro Ibrahim Rodriguez','1988-11-21','pedrito_ibramm12@gmail.com','(452)453-88-64','2013-05-21','0','ROTP895284TS67','0','M'),(1599,'Carlos Omar Sánchez Solórzano','1980-09-16','carlos_omar.S@gmail.com','(312)169-87-45','2014-04-21','0','ROEO987635MNRE','0','M'),(1600,'Karla Vega Vega','1993-03-03','karla_vega@gmail.com','(312)102-54-87','2014-04-21','1','VEVK875418MB53','0','M'),(1601,'Cinthya Medrano Maldonado','1991-06-25','cinthya_maldonad0@gmail.com','(312)165-89-74','2014-04-21','1','MEMC875418MMc89','0','M'),(1602,'Alondra Jazmin Solorio Prado','1994-10-23','alondra.jazmin@gmail.com','(453)231-99-89','2017-03-14','1','SOPA176954RC90','1','M'),(1603,'Gabriela Ramirez Rodriguez','1990-01-15','ramires_rodriguesz@gmai.com','(312)169-78-41','2014-04-21','1','RARG984615YX67','0','M'),(1604,'Romina Lamina Canina','1991-10-21','romina.lamina@yahoo.com','(312)128-88-56','2014-04-21','1',NULL,'0','M'),(1605,'Grecia Torres Altas','1996-01-01','torres_atlas@gmail.com','(312)169-45-85','2014-04-21','1','TOAG871520LL','0','M'),(1606,'Yareli Hernandez','1997-07-07','yareli_hernandesz.12@gmail.com','(452)187-78-55','2015-12-23','1','HERY872512GT','0','M'),(1607,'Vanesa Mesa Santos','1996-08-23','vanessa_mesa@icloud.com','(312)123-94-21','2014-04-21','1','MESV761824NM87','0','M'),(1608,'Valentina Rosas Ramos','1991-09-03','rammmos_rosas@yahoo.com','(312)698-74-51','2014-04-21','1','RORV761829JG37','0','M'),(1609,'Norma Contreras Mesa','1993-05-16','contreras_norma@hotmail.com','(312)695-45-82','2014-04-21','1','COMN761452RC88','0','M'),(1610,'Maria Guadalupe Estrada','1998-08-16','maria_guadalupe_estrada@gmail.com','(312)698-45-26','2014-04-21','1','GUE152406TW89','0','M'),(1611,'Ximena Ramos Farias','1990-12-09','ramos_farias@gmail.com','(312)345-26-97','2014-04-21','1','RAFX871452HX89','0','M'),(1612,'Zoe Cuevaz','1992-06-06','cuenza_zoe@gmail.com','(312)369-87-96','2014-04-21','1','CUCZ142746UC55','0','M'),(1613,'Gustavo Dias','1980-05-25','gustavo_dias','(452)243-77-43','2012-06-19','0','DIZG7639843ER','0','M'),(1614,'Zoila del Rincon Ruiz','0197-08-23','ruiz_sola@gmail.com','(312)183-15-51','2014-04-21','1','RIRZ981427IG78','0','M'),(1615,'Alejandra Vega Solorzano ','2000-03-20','ale_vega@hotmail.com','(312)369-12-30','2014-04-21','1','VESA981023JJ#2','0','M'),(1616,'Maria Jose Rubio ','1993-03-03','jose_maria_rubia@gmail.com','(312)589-45-23','2014-04-21','1','RURJ752634EE89','0','M'),(1617,'Pedro Garcia Guzman','1991-01-21','gustavo_23@hotmail.com','(312)156-98-74','2014-04-21','0','GAGP156231YR78','0','M'),(1618,'Josefina Sierra Mota','1996-08-01','sierra_mota@josefina.com','(312)654-12-36','2014-04-21','1','SIMJ8714253HS78','0','M'),(1619,'Maria de Jesus Cuevas ','1992-12-12','cuevas_maria@yahoo.com','(312)541-69-83','2014-04-21','1','CURM561328UR','0','M'),(1620,'Maria Camila Remedios','1992-08-05','m.rmedio@gmail.com','(312)697-45-11','2014-04-21','1','RECM715364LK89','0','M'),(1621,'Ernesto Alcaraz Aumada',NULL,'ernestooo_aumada@gmail.com','(452)132-67-10','2014-04-21','0','ALAE653182UR63','0','M'),(1622,'Gimena Madrigal ','1991-06-18','gimme_madrgl@gmail.com','(453)234-11-85','2018-03-21','1','MARG761922HJ32','1','M'),(1623,'Carlos Omar S?nchez Sol?rzano8','1980-09-16',NULL,'3121698745',NULL,NULL,NULL,NULL,'R'),(1624,'Pedro Garcia Guzman','1991-01-21',NULL,'312156987',NULL,NULL,NULL,NULL,'R'),(1625,'Karla Vega Vega','1993-03-03',NULL,'3121025487',NULL,NULL,NULL,NULL,'R'),(1626,'Cinthya Medrano Maldonado','1991-06-25',NULL,'3121658974',NULL,NULL,NULL,NULL,'R'),(1627,'Gabriela Ramirez Rodriguez','1990-01-15',NULL,'3121697841',NULL,NULL,NULL,NULL,'R'),(1628,'Romina Lamina Canina0','1991-10-21',NULL,'3121288856',NULL,NULL,NULL,NULL,'R'),(1629,'Grecia Torres Altas','1996-01-01',NULL,'3121694585p',NULL,NULL,NULL,NULL,'R'),(1630,'Cinthya Maria Larios Flores','1996-02-02',NULL,'3121369785',NULL,NULL,NULL,NULL,'R'),(1631,'Vanesa Mesa Santos3','1996-08-23',NULL,'3121239421',NULL,NULL,NULL,NULL,'R'),(1632,'Valentina Rosas Ramos','1991-09-03',NULL,'3126987451',NULL,NULL,NULL,NULL,'R'),(1633,'Norma Contreras Mesa','1993-05-16',NULL,'312695458',NULL,NULL,NULL,NULL,'R'),(1634,'Maria Guadalupe Estrada','1998-08-16',NULL,'3126984526',NULL,NULL,NULL,NULL,'R'),(1635,'Ximena Ramos Farias','1990-12-09',NULL,'3123452697',NULL,NULL,NULL,NULL,'R'),(1636,'Zoe Cuevaz','1992-06-06',NULL,'3123698796',NULL,NULL,NULL,NULL,'R'),(1637,'Zoila del Rincon Ruiz6','1997-08-23',NULL,'3121831551',NULL,NULL,NULL,NULL,'R'),(1638,'Alejandra Vega Solorzano','2000-03-20',NULL,'3123691230',NULL,NULL,NULL,NULL,'R'),(1639,'Maria Jose Rubio','1993-03-03',NULL,'3125894523',NULL,NULL,NULL,NULL,'R'),(1640,'Josefina Sierra Mota','1996-08-01',NULL,'3126541236*',NULL,NULL,NULL,NULL,'R'),(1641,'Maria de Jesus Cuevas','1992-12-12',NULL,'3125416983',NULL,NULL,NULL,NULL,'R'),(1642,'Maria Camila Remedios$','1992-08-05',NULL,'3126974511',NULL,NULL,NULL,NULL,'R');
/*!40000 ALTER TABLE `empleados` ENABLE KEYS */;
UNLOCK TABLES;

--
-- Table structure for table `empresas`
--

DROP TABLE IF EXISTS `empresas`;
/*!40101 SET @saved_cs_client     = @@character_set_client */;
/*!40101 SET character_set_client = utf8 */;
CREATE TABLE `empresas` (
  `id` bigint(20) unsigned NOT NULL AUTO_INCREMENT,
  `nombre` varchar(100) DEFAULT NULL,
  PRIMARY KEY (`id`),
  UNIQUE KEY `id` (`id`)
) ENGINE=InnoDB AUTO_INCREMENT=17 DEFAULT CHARSET=utf8;
/*!40101 SET character_set_client = @saved_cs_client */;

--
-- Dumping data for table `empresas`
--

LOCK TABLES `empresas` WRITE;
/*!40000 ALTER TABLE `empresas` DISABLE KEYS */;
INSERT INTO `empresas` VALUES (1,'Modatelas'),(2,'Amamex'),(3,'Comex'),(4,'Corona'),(5,'Muebles Guerrero'),(6,'Linio'),(7,'J.M Romo '),(8,'HP'),(9,'Truper'),(10,'ACADEM'),(11,'Merza'),(12,'Dormimundo'),(13,'AirMaxz'),(14,'Samsung'),(15,'SmasClub'),(16,'iShop');
/*!40000 ALTER TABLE `empresas` ENABLE KEYS */;
UNLOCK TABLES;

--
-- Table structure for table `equipos`
--

DROP TABLE IF EXISTS `equipos`;
/*!40101 SET @saved_cs_client     = @@character_set_client */;
/*!40101 SET character_set_client = utf8 */;
CREATE TABLE `equipos` (
  `id` bigint(20) unsigned NOT NULL AUTO_INCREMENT,
  `nombre` varchar(100) DEFAULT NULL,
  `modelo` varchar(100) DEFAULT NULL,
  PRIMARY KEY (`id`),
  UNIQUE KEY `id` (`id`)
) ENGINE=InnoDB AUTO_INCREMENT=28 DEFAULT CHARSET=utf8;
/*!40101 SET character_set_client = @saved_cs_client */;

--
-- Dumping data for table `equipos`
--

LOCK TABLES `equipos` WRITE;
/*!40000 ALTER TABLE `equipos` DISABLE KEYS */;
INSERT INTO `equipos` VALUES (1,'Podadora Truper','P-418'),(2,'i Mac','2015'),(3,'Anafe Industrial','Super 750 Rovesco'),(4,'Salad bar','Hotinox'),(5,'Mueble recepción','B-67'),(6,'Escritorio cristal L','Templade Super'),(7,'Silla ejecutiva','CS-4135'),(8,'Silla tipo piel ',' RTA919VBK'),(9,'Sofá Curvo','Arena'),(10,'Sofá ejecutivo','BM912'),(11,'Cama matrimonial','Craftwan'),(12,'Cama matrimonial','MissuraEmme'),(13,'Cama matrimonial','Giorgetti'),(14,'Multi funcional','HP'),(15,'Pintarrones','Berol'),(16,'Ventilador','Super Fan'),(17,'Bocinas','Bosseee'),(18,'Television','Samsung'),(19,'Microondas','Samsung'),(20,'Tina','H&E'),(21,'Aire acondicionado','AirWeeeek P12'),(22,'Ventilador de techo','AirWeeeek AR-2'),(23,'Base individual','Dormimundo I'),(24,'Base matromonial','Dormimundo MA-1'),(25,'Colchon individual','Dormimundo I-0'),(26,'Colchon matromonial','Dormimundo CM-0'),(27,'Colchon king size','Dormimundo KS-5');
/*!40000 ALTER TABLE `equipos` ENABLE KEYS */;
UNLOCK TABLES;

--
-- Table structure for table `equipos_por_pedido`
--

DROP TABLE IF EXISTS `equipos_por_pedido`;
/*!40101 SET @saved_cs_client     = @@character_set_client */;
/*!40101 SET character_set_client = utf8 */;
CREATE TABLE `equipos_por_pedido` (
  `id` bigint(20) unsigned NOT NULL AUTO_INCREMENT,
  `id_pedido` varchar(100) DEFAULT NULL,
  `id_equipo` varchar(100) DEFAULT NULL,
  PRIMARY KEY (`id`),
  UNIQUE KEY `id` (`id`)
) ENGINE=InnoDB AUTO_INCREMENT=9 DEFAULT CHARSET=utf8;
/*!40101 SET character_set_client = @saved_cs_client */;

--
-- Dumping data for table `equipos_por_pedido`
--

LOCK TABLES `equipos_por_pedido` WRITE;
/*!40000 ALTER TABLE `equipos_por_pedido` DISABLE KEYS */;
INSERT INTO `equipos_por_pedido` VALUES (1,'73','2'),(2,'73','14'),(3,'73','18'),(4,'73','17'),(5,'55','2'),(6,'55','17'),(7,'55','16'),(8,'62','21');
/*!40000 ALTER TABLE `equipos_por_pedido` ENABLE KEYS */;
UNLOCK TABLES;

--
-- Table structure for table `postulantes`
--

DROP TABLE IF EXISTS `postulantes`;
/*!40101 SET @saved_cs_client     = @@character_set_client */;
/*!40101 SET character_set_client = utf8 */;
CREATE TABLE `postulantes` (
  `id` bigint(20) unsigned NOT NULL AUTO_INCREMENT,
  `nombre` varchar(100) DEFAULT NULL,
  `estado` varchar(100) DEFAULT NULL,
  PRIMARY KEY (`id`),
  UNIQUE KEY `id` (`id`)
) ENGINE=InnoDB AUTO_INCREMENT=6 DEFAULT CHARSET=utf8;
/*!40101 SET character_set_client = @saved_cs_client */;

--
-- Dumping data for table `postulantes`
--

LOCK TABLES `postulantes` WRITE;
/*!40000 ALTER TABLE `postulantes` DISABLE KEYS */;
INSERT INTO `postulantes` VALUES (1,'Gibran Lopez Hernandez','0'),(2,'Alberto Tarantino ','0'),(3,'Samuki Tsuriku','0'),(4,'Hararagi Tsuko70','0'),(5,'Paloma Cabrera Soto','0');
/*!40000 ALTER TABLE `postulantes` ENABLE KEYS */;
UNLOCK TABLES;

--
-- Table structure for table `programas_de_capacitacion`
--

DROP TABLE IF EXISTS `programas_de_capacitacion`;
/*!40101 SET @saved_cs_client     = @@character_set_client */;
/*!40101 SET character_set_client = utf8 */;
CREATE TABLE `programas_de_capacitacion` (
  `id` bigint(20) unsigned NOT NULL AUTO_INCREMENT,
  `id_empresa` varchar(100) DEFAULT NULL,
  `nombre` varchar(100) DEFAULT NULL,
  `costo` varchar(100) DEFAULT NULL,
  `duracion` varchar(100) DEFAULT NULL,
  PRIMARY KEY (`id`),
  UNIQUE KEY `id` (`id`)
) ENGINE=InnoDB AUTO_INCREMENT=5 DEFAULT CHARSET=utf8;
/*!40101 SET character_set_client = @saved_cs_client */;

--
-- Dumping data for table `programas_de_capacitacion`
--

LOCK TABLES `programas_de_capacitacion` WRITE;
/*!40000 ALTER TABLE `programas_de_capacitacion` DISABLE KEYS */;
INSERT INTO `programas_de_capacitacion` VALUES (1,'10','Técnicas para vendedores','18000.0','7'),(2,'10','Servicio al cliente','10000.0','5'),(3,'10','Curso liderazgo empresarial','23000.0','12'),(4,'8','Sistemas de redes de comunicación','7000.0','6');
/*!40000 ALTER TABLE `programas_de_capacitacion` ENABLE KEYS */;
UNLOCK TABLES;

--
-- Table structure for table `proveedores`
--

DROP TABLE IF EXISTS `proveedores`;
/*!40101 SET @saved_cs_client     = @@character_set_client */;
/*!40101 SET character_set_client = utf8 */;
CREATE TABLE `proveedores` (
  `id` bigint(20) unsigned NOT NULL AUTO_INCREMENT,
  `id_empresa` varchar(100) DEFAULT NULL,
  `nombre` varchar(100) DEFAULT NULL,
  PRIMARY KEY (`id`),
  UNIQUE KEY `id` (`id`)
) ENGINE=InnoDB AUTO_INCREMENT=18 DEFAULT CHARSET=utf8;
/*!40101 SET character_set_client = @saved_cs_client */;

--
-- Dumping data for table `proveedores`
--

LOCK TABLES `proveedores` WRITE;
/*!40000 ALTER TABLE `proveedores` DISABLE KEYS */;
INSERT INTO `proveedores` VALUES (1,'1','José Ramón Corona'),(2,'2','Ernesto Bertran Alcaraz'),(3,'3','Angel Cabrera Soliz'),(4,'4','Ana Romero Días'),(5,'5','Rufino Equihua Anaya'),(6,'6','Monica Lisbeth Anaya Zepeda'),(7,'7','Hector Zepeda Madrigal'),(8,'8','Christina Ivan Zarate Rios'),(9,'11','Jannete Zepeda Equihua'),(10,'10','Myrka Sarahi Larios'),(11,'11','Miguel Angel Urbina Equihua'),(12,'12','Christian Ivan Zarate Rios'),(13,'13','Alejandra Guzman Gonzales'),(14,'14','Brandom Infante Nuñes'),(15,'15','Elizabeth Soto Equihua'),(16,'16','Erika Gabriela Rios'),(17,'9','Angel Gallegos LArio');
/*!40000 ALTER TABLE `proveedores` ENABLE KEYS */;
UNLOCK TABLES;

--
-- Table structure for table `schema_migrations`
--

DROP TABLE IF EXISTS `schema_migrations`;
/*!40101 SET @saved_cs_client     = @@character_set_client */;
/*!40101 SET character_set_client = utf8 */;
CREATE TABLE `schema_migrations` (
  `version` varchar(255) NOT NULL,
  PRIMARY KEY (`version`)
) ENGINE=InnoDB DEFAULT CHARSET=utf8;
/*!40101 SET character_set_client = @saved_cs_client */;

--
-- Dumping data for table `schema_migrations`
--

LOCK TABLES `schema_migrations` WRITE;
/*!40000 ALTER TABLE `schema_migrations` DISABLE KEYS */;
INSERT INTO `schema_migrations` VALUES ('20190416161952'),('20190421213214');
/*!40000 ALTER TABLE `schema_migrations` ENABLE KEYS */;
UNLOCK TABLES;

--
-- Table structure for table `solicitudes de mantenimiento`
--

DROP TABLE IF EXISTS `solicitudes de mantenimiento`;
/*!40101 SET @saved_cs_client     = @@character_set_client */;
/*!40101 SET character_set_client = utf8 */;
CREATE TABLE `solicitudes de mantenimiento` (
  `id` bigint(20) unsigned NOT NULL AUTO_INCREMENT,
  `id_empleado` varchar(100) DEFAULT NULL,
  `id_equipo_por_recibo` varchar(100) DEFAULT NULL,
  `f_solicitud` varchar(100) DEFAULT NULL,
  `f_recibo` varchar(100) DEFAULT NULL,
  `estado` varchar(100) DEFAULT NULL,
  `motivo` varchar(100) DEFAULT NULL,
  `tipo` varchar(100) DEFAULT NULL,
  PRIMARY KEY (`id`),
  UNIQUE KEY `id` (`id`)
) ENGINE=InnoDB AUTO_INCREMENT=6 DEFAULT CHARSET=utf8;
/*!40101 SET character_set_client = @saved_cs_client */;

--
-- Dumping data for table `solicitudes de mantenimiento`
--

LOCK TABLES `solicitudes de mantenimiento` WRITE;
/*!40000 ALTER TABLE `solicitudes de mantenimiento` DISABLE KEYS */;
INSERT INTO `solicitudes de mantenimiento` VALUES (1,NULL,NULL,'2019-04-15','2019-04-19','Programado','Programado','Preventivo'),(2,NULL,NULL,'2020-04-15','2020-04-19','Programado','Programado','Preventivo'),(3,NULL,NULL,'2021-04-15','2021-04-19','Programado','Programado','Preventivo'),(4,NULL,NULL,'2022-04-15','2022-04-19','Programado','Programado','Preventivo'),(5,NULL,NULL,'2023-04-15','2023-04-19','Programado','Programado','Preventivo');
/*!40000 ALTER TABLE `solicitudes de mantenimiento` ENABLE KEYS */;
UNLOCK TABLES;

--
-- Table structure for table `untitled_table_20`
--

DROP TABLE IF EXISTS `untitled_table_20`;
/*!40101 SET @saved_cs_client     = @@character_set_client */;
/*!40101 SET character_set_client = utf8 */;
CREATE TABLE `untitled_table_20` (
  `id` bigint(20) unsigned NOT NULL AUTO_INCREMENT,
  PRIMARY KEY (`id`),
  UNIQUE KEY `id` (`id`)
) ENGINE=InnoDB DEFAULT CHARSET=utf8;
/*!40101 SET character_set_client = @saved_cs_client */;

--
-- Dumping data for table `untitled_table_20`
--

LOCK TABLES `untitled_table_20` WRITE;
/*!40000 ALTER TABLE `untitled_table_20` DISABLE KEYS */;
/*!40000 ALTER TABLE `untitled_table_20` ENABLE KEYS */;
UNLOCK TABLES;

--
-- Table structure for table `users`
--

DROP TABLE IF EXISTS `users`;
/*!40101 SET @saved_cs_client     = @@character_set_client */;
/*!40101 SET character_set_client = utf8 */;
CREATE TABLE `users` (
  `id` bigint(20) NOT NULL AUTO_INCREMENT,
  `email` varchar(255) NOT NULL DEFAULT '',
  `encrypted_password` varchar(255) NOT NULL DEFAULT '',
  `reset_password_token` varchar(255) DEFAULT NULL,
  `reset_password_sent_at` datetime DEFAULT NULL,
  `remember_created_at` datetime DEFAULT NULL,
  `created_at` datetime NOT NULL,
  `updated_at` datetime NOT NULL,
  PRIMARY KEY (`id`),
  UNIQUE KEY `index_users_on_email` (`email`),
  UNIQUE KEY `index_users_on_reset_password_token` (`reset_password_token`)
) ENGINE=InnoDB AUTO_INCREMENT=2 DEFAULT CHARSET=utf8;
/*!40101 SET character_set_client = @saved_cs_client */;

--
-- Dumping data for table `users`
--

LOCK TABLES `users` WRITE;
/*!40000 ALTER TABLE `users` DISABLE KEYS */;
INSERT INTO `users` VALUES (1,'miguel.urbina@michelada.io','$2a$11$GnegRD5vMouv9ZML8cIWGOEouHixtCNnxXJpCfLcjCQgCZfx.blYa',NULL,NULL,NULL,'2019-04-21 21:42:17','2019-04-21 21:42:17');
/*!40000 ALTER TABLE `users` ENABLE KEYS */;
UNLOCK TABLES;

--
-- Table structure for table `vacantes`
--

DROP TABLE IF EXISTS `vacantes`;
/*!40101 SET @saved_cs_client     = @@character_set_client */;
/*!40101 SET character_set_client = utf8 */;
CREATE TABLE `vacantes` (
  `id` bigint(20) unsigned NOT NULL AUTO_INCREMENT,
  `nombre` varchar(100) DEFAULT NULL,
  `estado` varchar(100) DEFAULT NULL,
  PRIMARY KEY (`id`),
  UNIQUE KEY `id` (`id`)
) ENGINE=InnoDB AUTO_INCREMENT=9 DEFAULT CHARSET=utf8;
/*!40101 SET character_set_client = @saved_cs_client */;

--
-- Dumping data for table `vacantes`
--

LOCK TABLES `vacantes` WRITE;
/*!40000 ALTER TABLE `vacantes` DISABLE KEYS */;
INSERT INTO `vacantes` VALUES (1,'Recepcionista','1'),(2,'Mesero','1'),(3,'Ama de llaves','0'),(4,'Licenciado en gatronomia','1'),(5,'Ingeniero en sistemas','1'),(6,'Masajista','1'),(7,'Licenciado en finanzas','1'),(8,'Licenciado en administración de recursos humanos','1');
/*!40000 ALTER TABLE `vacantes` ENABLE KEYS */;
UNLOCK TABLES;

--
-- Dumping routines for database 'DWH_tempory'
--
/*!40103 SET TIME_ZONE=@OLD_TIME_ZONE */;

/*!40101 SET SQL_MODE=@OLD_SQL_MODE */;
/*!40014 SET FOREIGN_KEY_CHECKS=@OLD_FOREIGN_KEY_CHECKS */;
/*!40014 SET UNIQUE_CHECKS=@OLD_UNIQUE_CHECKS */;
/*!40101 SET CHARACTER_SET_CLIENT=@OLD_CHARACTER_SET_CLIENT */;
/*!40101 SET CHARACTER_SET_RESULTS=@OLD_CHARACTER_SET_RESULTS */;
/*!40101 SET COLLATION_CONNECTION=@OLD_COLLATION_CONNECTION */;
/*!40111 SET SQL_NOTES=@OLD_SQL_NOTES */;

-- Dump completed on 2019-04-23 11:28:35
